codigo,titulo,secao,grupo,tipo,colada,repetidas
MEX1  ,Escudo                      ,Mexico             ,Grupo A,Especial,0,0,0,0,0,0,0,0,0,0,0,0,12332MEX2  ,824979500,842216242
MEX2  ,Luis Malagon                ,Mexico             ,Grupo A,Comum,0,0,0,0,0,0,0,0,0,0,0,0,0,0,3157MEX3  ,741354544,926232883
MEX3  ,Johan Vasquez               ,Mexico             ,Grupo A,Comum,0,0,0,0,0,0,0,0,0,0,0,0,0,0,3157MEX4  ,741354544,926232883
MEX4  ,Jorge Sanchez               ,Mexico             ,Grupo A,Comum,0,0,0,0,0,0,0,0,0,0,0,0,0,0,3157MEX5  ,741354544,926232883
MEX5  ,Cesar Montes                ,Mexico             ,Grupo A,Comum,0,0,0,0,0,0,0,0,0,0,0,0,0,0,3157MEX6  ,741354544,926232883
MEX6  ,Jesus Gallardo              ,Mexico             ,Grupo A,Comum,0,0,0,0,0,0,0,0,0,0,0,0,0,0,3157MEX7  ,741354544,926232883
MEX7  ,Israel Reyes                ,Mexico             ,Grupo A,Comum,0,0,0,0,0,0,0,0,0,0,0,0,0,0,3157MEX8  ,741354544,926232883
MEX8  ,Diego Lainez                ,Mexico             ,Grupo A,Comum,0,0,0,0,0,0,0,0,0,0,0,0,0,0,3157MEX9  ,741354544,926232883
MEX9  ,Carlos Rodriguez            ,Mexico             ,Grupo A,Comum,0,0,0,0,0,0,0,0,0,0,0,0,0,0,3157MEX10 ,741354544,926232883
MEX10 ,Edson Alvarez               ,Mexico             ,Grupo A,Comum,0,0,0,0,0,0,0,0,0,0,0,0,0,0,3157MEX11 ,741354544,926232883
MEX11 ,Orbelin Pineda              ,Mexico             ,Grupo A,Comum,0,0,0,0,0,0,0,0,0,0,0,0,0,0,3157MEX12 ,741354544,926232883
MEX12 ,Marcel Ruiz                 ,Mexico             ,Grupo A,Comum,0,0,0,0,0,0,0,0,0,0,0,0,0,0,3157MEX13 ,741354544,926232883
MEX13 ,Foto da Equipe              ,Mexico             ,Grupo A,Comum,0,0,0,0,0,0,0,0,0,0,0,0,0,0,3157MEX14 ,741354544,926232883
MEX14 ,Erick Sanchez               ,Mexico             ,Grupo A,Comum,0,0,0,0,0,0,0,0,0,0,0,0,0,0,3157MEX15 ,741354544,926232883
MEX15 ,Hirving Lozano              ,Mexico             ,Grupo A,Comum,0,0,0,0,0,0,0,0,0,0,0,0,0,0,3157MEX16 ,741354544,926232883
MEX16 ,Santiago Gimenez            ,Mexico             ,Grupo A,Comum,0,0,0,0,0,0,0,0,0,0,0,0,0,0,3157MEX17 ,741354544,926232883
MEX17 ,Raul Jimenez                ,Mexico             ,Grupo A,Comum,0,0,0,0,0,0,0,0,0,0,0,0,0,0,3157MEX18 ,741354544,926232883
MEX18 ,Alexis Vega                 ,Mexico             ,Grupo A,Comum,0,0,0,0,0,0,0,0,0,0,0,0,0,0,3157MEX19 ,741354544,926232883
MEX19 ,Roberto Alvarado            ,Mexico             ,Grupo A,Comum,0,0,0,0,0,0,0,0,0,0,0,0,0,0,3157MEX20 ,741354544,926232883
MEX20 ,Cesar Huerta                ,Mexico             ,Grupo A,Comum,0,0,0,0,0,0,0,0,0,0,0,0,0,0,3157RSA1  ,741354544,926232883
RSA1  ,Escudo                      ,Africa do Sul      ,Grupo A,Especial,0,0,0,0,0,0,0,0,0,0,0,0,12332RSA2  ,824979500,842216242
RSA2  ,Ronwen Williams             ,Africa do Sul      ,Grupo A,Comum,0,0,0,0,0,0,0,0,0,0,0,0,0,0,3157RSA3  ,741354544,926232883
RSA3  ,Sipho Chaine                ,Africa do Sul      ,Grupo A,Comum,0,0,0,0,0,0,0,0,0,0,0,0,0,0,3157RSA4  ,741354544,926232883
RSA4  ,Aubrey Modiba               ,Africa do Sul      ,Grupo A,Comum,0,0,0,0,0,0,0,0,0,0,0,0,0,0,3157RSA5  ,741354544,926232883
RSA5  ,Samukele Kabini             ,Africa do Sul      ,Grupo A,Comum,0,0,0,0,0,0,0,0,0,0,0,0,0,0,3157RSA6  ,741354544,926232883
RSA6  ,Mbekezeli Mbokazi           ,Africa do Sul      ,Grupo A,Comum,0,0,0,0,0,0,0,0,0,0,0,0,0,0,3157RSA7  ,741354544,926232883
RSA7  ,Khulumani Ndamane           ,Africa do Sul      ,Grupo A,Comum,0,0,0,0,0,0,0,0,0,0,0,0,0,0,3157RSA8  ,741354544,926232883
RSA8  ,Siyabonga Ngezana           ,Africa do Sul      ,Grupo A,Comum,0,0,0,0,0,0,0,0,0,0,0,0,0,0,3157RSA9  ,741354544,926232883
RSA9  ,Khuliso Mudau               ,Africa do Sul      ,Grupo A,Comum,0,0,0,0,0,0,0,0,0,0,0,0,0,0,3157RSA10 ,741354544,926232883
RSA10 ,Nkosinathi Sibisi           ,Africa do Sul      ,Grupo A,Comum,0,0,0,0,0,0,0,0,0,0,0,0,0,0,3157RSA11 ,741354544,926232883
RSA11 ,Teboho Mokoena              ,Africa do Sul      ,Grupo A,Comum,0,0,0,0,0,0,0,0,0,0,0,0,0,0,3157RSA12 ,741354544,926232883
RSA12 ,Thalente Mbatha             ,Africa do Sul      ,Grupo A,Comum,0,0,0,0,0,0,0,0,0,0,0,0,0,0,3157RSA13 ,741354544,926232883
RSA13 ,Foto da Equipe              ,Africa do Sul      ,Grupo A,Comum,0,0,0,0,0,0,0,0,0,0,0,0,0,0,3157RSA14 ,741354544,926232883
RSA14 ,Bathasi Aubaas              ,Africa do Sul      ,Grupo A,Comum,0,0,0,0,0,0,0,0,0,0,0,0,0,0,3157RSA15 ,741354544,926232883
RSA15 ,Yaya Sithole                ,Africa do Sul      ,Grupo A,Comum,0,0,0,0,0,0,0,0,0,0,0,0,0,0,3157RSA16 ,741354544,926232883
RSA16 ,Sipho Mbule                 ,Africa do Sul      ,Grupo A,Comum,0,0,0,0,0,0,0,0,0,0,0,0,0,0,3157RSA17 ,741354544,926232883
RSA17 ,Lyle Foster                 ,Africa do Sul      ,Grupo A,Comum,0,0,0,0,0,0,0,0,0,0,0,0,0,0,3157RSA18 ,741354544,926232883
RSA18 ,Iqraam Rayners              ,Africa do Sul      ,Grupo A,Comum,0,0,0,0,0,0,0,0,0,0,0,0,0,0,3157RSA19 ,741354544,926232883
RSA19 ,Mohau Nkota                 ,Africa do Sul      ,Grupo A,Comum,0,0,0,0,0,0,0,0,0,0,0,0,0,0,3157RSA20 ,741354544,926232883
RSA20 ,Oswin Appollis              ,Africa do Sul      ,Grupo A,Comum,0,0,0,0,0,0,0,0,0,0,0,0,0,0,3157KOR1  ,741354544,926232883
KOR1  ,Escudo                      ,Coreia do Sul      ,Grupo A,Especial,0,0,0,0,0,0,0,0,0,0,0,0,12332KOR2  ,824979500,842216242
KOR2  ,Hyeon-woo Jo                ,Coreia do Sul      ,Grupo A,Comum,0,0,0,0,0,0,0,0,0,0,0,0,0,0,3157KOR3  ,741354544,926232883
KOR3  ,Seung-Gyu Kim               ,Coreia do Sul      ,Grupo A,Comum,0,0,0,0,0,0,0,0,0,0,0,0,0,0,3157KOR4  ,741354544,926232883
KOR4  ,Min-jae Kim                 ,Coreia do Sul      ,Grupo A,Comum,0,0,0,0,0,0,0,0,0,0,0,0,0,0,3157KOR5  ,741354544,926232883
KOR5  ,Yu-min Cho                  ,Coreia do Sul      ,Grupo A,Comum,0,0,0,0,0,0,0,0,0,0,0,0,0,0,3157KOR6  ,741354544,926232883
KOR6  ,Young-woo Seol              ,Coreia do Sul      ,Grupo A,Comum,0,0,0,0,0,0,0,0,0,0,0,0,0,0,3157KOR7  ,741354544,926232883
KOR7  ,Han-beom Lee                ,Coreia do Sul      ,Grupo A,Comum,0,0,0,0,0,0,0,0,0,0,0,0,0,0,3157KOR8  ,741354544,926232883
KOR8  ,Tae-seok Lee                ,Coreia do Sul      ,Grupo A,Comum,0,0,0,0,0,0,0,0,0,0,0,0,0,0,3157KOR9  ,741354544,926232883
KOR9  ,Myung-jae Lee               ,Coreia do Sul      ,Grupo A,Comum,0,0,0,0,0,0,0,0,0,0,0,0,0,0,3157KOR10 ,741354544,926232883
KOR10 ,Jae-sung Lee                ,Coreia do Sul      ,Grupo A,Comum,0,0,0,0,0,0,0,0,0,0,0,0,0,0,3157KOR11 ,741354544,926232883
KOR11 ,In-beom Hwang               ,Coreia do Sul      ,Grupo A,Comum,0,0,0,0,0,0,0,0,0,0,0,0,0,0,3157KOR12 ,741354544,926232883
KOR12 ,Kang-in Lee                 ,Coreia do Sul      ,Grupo A,Comum,0,0,0,0,0,0,0,0,0,0,0,0,0,0,3157KOR13 ,741354544,926232883
KOR13 ,Foto da Equipe              ,Coreia do Sul      ,Grupo A,Comum,0,0,0,0,0,0,0,0,0,0,0,0,0,0,3157KOR14 ,741354544,926232883
KOR14 ,Seung-ho Paik               ,Coreia do Sul      ,Grupo A,Comum,0,0,0,0,0,0,0,0,0,0,0,0,0,0,3157KOR15 ,741354544,926232883
KOR15 ,Jens Castrop                ,Coreia do Sul      ,Grupo A,Comum,0,0,0,0,0,0,0,0,0,0,0,0,0,0,3157KOR16 ,741354544,926232883
KOR16 ,Dongg-yeong Lee             ,Coreia do Sul      ,Grupo A,Comum,0,0,0,0,0,0,0,0,0,0,0,0,0,0,3157KOR17 ,741354544,926232883
KOR17 ,Gue-sung Cho                ,Coreia do Sul      ,Grupo A,Comum,0,0,0,0,0,0,0,0,0,0,0,0,0,0,3157KOR18 ,741354544,926232883
KOR18 ,Heung-min Son               ,Coreia do Sul      ,Grupo A,Comum,0,0,0,0,0,0,0,0,0,0,0,0,0,0,3157KOR19 ,741354544,926232883
KOR19 ,Hee-chan Hwang              ,Coreia do Sul      ,Grupo A,Comum,0,0,0,0,0,0,0,0,0,0,0,0,0,0,3157KOR20 ,741354544,926232883
KOR20 ,Hyeon-Gyu Oh                ,Coreia do Sul      ,Grupo A,Comum,0,0,0,0,0,0,0,0,0,0,0,0,0,0,3157CZE1  ,741354544,926232883
CZE1  ,Escudo                      ,Republica Tcheca   ,Grupo A,Especial,0,0,0,0,0,0,0,0,0,0,0,0,12332CZE2  ,824979500,842216242
CZE2  ,Matej Kovar                 ,Republica Tcheca   ,Grupo A,Comum,0,0,0,0,0,0,0,0,0,0,0,0,0,0,3157CZE3  ,741354544,926232883
CZE3  ,Jindrich Stanek             ,Republica Tcheca   ,Grupo A,Comum,0,0,0,0,0,0,0,0,0,0,0,0,0,0,3157CZE4  ,741354544,926232883
CZE4  ,Ladislav Krejci             ,Republica Tcheca   ,Grupo A,Comum,0,0,0,0,0,0,0,0,0,0,0,0,0,0,3157CZE5  ,741354544,926232883
CZE5  ,Vladimir Coufal             ,Republica Tcheca   ,Grupo A,Comum,0,0,0,0,0,0,0,0,0,0,0,0,0,0,3157CZE6  ,741354544,926232883
CZE6  ,Jaroslav Zeleny             ,Republica Tcheca   ,Grupo A,Comum,0,0,0,0,0,0,0,0,0,0,0,0,0,0,3157CZE7  ,741354544,926232883
CZE7  ,Tomas Holes                 ,Republica Tcheca   ,Grupo A,Comum,0,0,0,0,0,0,0,0,0,0,0,0,0,0,3157CZE8  ,741354544,926232883
CZE8  ,David Zima                  ,Republica Tcheca   ,Grupo A,Comum,0,0,0,0,0,0,0,0,0,0,0,0,0,0,3157CZE9  ,741354544,926232883
CZE9  ,Michal Sadilek              ,Republica Tcheca   ,Grupo A,Comum,0,0,0,0,0,0,0,0,0,0,0,0,0,0,3157CZE10 ,741354544,926232883
CZE10 ,Lukas Provod                ,Republica Tcheca   ,Grupo A,Comum,0,0,0,0,0,0,0,0,0,0,0,0,0,0,3157CZE11 ,741354544,926232883
CZE11 ,Lukas Cerv                  ,Republica Tcheca   ,Grupo A,Comum,0,0,0,0,0,0,0,0,0,0,0,0,0,0,3157CZE12 ,741354544,926232883
CZE12 ,Tomas Soucek                ,Republica Tcheca   ,Grupo A,Comum,0,0,0,0,0,0,0,0,0,0,0,0,0,0,3157CZE13 ,741354544,926232883
CZE13 ,Foto da Equipe              ,Republica Tcheca   ,Grupo A,Comum,0,0,0,0,0,0,0,0,0,0,0,0,0,0,3157CZE14 ,741354544,926232883
CZE14 ,Pavel Sulc                  ,Republica Tcheca   ,Grupo A,Comum,0,0,0,0,0,0,0,0,0,0,0,0,0,0,3157CZE15 ,741354544,926232883
CZE15 ,Matej Vydra                 ,Republica Tcheca   ,Grupo A,Comum,0,0,0,0,0,0,0,0,0,0,0,0,0,0,3157CZE16 ,741354544,926232883
CZE16 ,Vasil Kusej                 ,Republica Tcheca   ,Grupo A,Comum,0,0,0,0,0,0,0,0,0,0,0,0,0,0,3157CZE17 ,741354544,926232883
CZE17 ,Tomas Chory                 ,Republica Tcheca   ,Grupo A,Comum,0,0,0,0,0,0,0,0,0,0,0,0,0,0,3157CZE18 ,741354544,926232883
CZE18 ,Vacilav Cerny               ,Republica Tcheca   ,Grupo A,Comum,0,0,0,0,0,0,0,0,0,0,0,0,0,0,3157CZE19 ,741354544,926232883
CZE19 ,Adam Hlozek                 ,Republica Tcheca   ,Grupo A,Comum,0,0,0,0,0,0,0,0,0,0,0,0,0,0,3157CZE20 ,741354544,926232883
CZE20 ,Patrik Schick               ,Republica Tcheca   ,Grupo A,Comum,0,0,0,0,0,0,0,0,0,0,0,0,0,0,3157CAN1  ,741354544,926232883
CAN1  ,Escudo                      ,Canada             ,Grupo B,Especial,0,0,0,0,0,0,0,0,0,0,0,0,12332CAN2  ,824979500,842216242
CAN2  ,Dayne St.Clair              ,Canada             ,Grupo B,Comum,0,0,0,0,0,0,0,0,0,0,0,0,0,0,3157CAN3  ,741354544,926232883
CAN3  ,Alphonso Davies             ,Canada             ,Grupo B,Comum,0,0,0,0,0,0,0,0,0,0,0,0,0,0,3157CAN4  ,741354544,926232883
CAN4  ,Alistair Johnston           ,Canada             ,Grupo B,Comum,0,0,0,0,0,0,0,0,0,0,0,0,0,0,3157CAN5  ,741354544,926232883
CAN5  ,Samuel Adekugbe             ,Canada             ,Grupo B,Comum,0,0,0,0,0,0,0,0,0,0,0,0,0,0,3157CAN6  ,741354544,926232883
CAN6  ,Riche Larvea                ,Canada             ,Grupo B,Comum,0,0,0,0,0,0,0,0,0,0,0,0,0,0,3157CAN7  ,741354544,926232883
CAN7  ,Derek Cornelius             ,Canada             ,Grupo B,Comum,0,0,0,0,0,0,0,0,0,0,0,0,0,0,3157CAN8  ,741354544,926232883
CAN8  ,Moise Bombito               ,Canada             ,Grupo B,Comum,0,0,0,0,0,0,0,0,0,0,0,0,0,0,3157CAN9  ,741354544,926232883
CAN9  ,Kamal Miller                ,Canada             ,Grupo B,Comum,0,0,0,0,0,0,0,0,0,0,0,0,0,0,3157CAN10 ,741354544,926232883
CAN10 ,Stephen Eustaquio           ,Canada             ,Grupo B,Comum,0,0,0,0,0,0,0,0,0,0,0,0,0,0,3157CAN11 ,741354544,926232883
CAN11 ,Ismael Kone                 ,Canada             ,Grupo B,Comum,0,0,0,0,0,0,0,0,0,0,0,0,0,0,3157CAN12 ,741354544,926232883
CAN12 ,Jonathan Osorio             ,Canada             ,Grupo B,Comum,0,0,0,0,0,0,0,0,0,0,0,0,0,0,3157CAN13 ,741354544,926232883
CAN13 ,Foto da Equipe              ,Canada             ,Grupo B,Comum,0,0,0,0,0,0,0,0,0,0,0,0,0,0,3157CAN14 ,741354544,926232883
CAN14 ,Jacob Shaffelburg           ,Canada             ,Grupo B,Comum,0,0,0,0,0,0,0,0,0,0,0,0,0,0,3157CAN15 ,741354544,926232883
CAN15 ,Mathieu Choiniere           ,Canada             ,Grupo B,Comum,0,0,0,0,0,0,0,0,0,0,0,0,0,0,3157CAN16 ,741354544,926232883
CAN16 ,Niko Sigur                  ,Canada             ,Grupo B,Comum,0,0,0,0,0,0,0,0,0,0,0,0,0,0,3157CAN17 ,741354544,926232883
CAN17 ,Tajon Buchanan              ,Canada             ,Grupo B,Comum,0,0,0,0,0,0,0,0,0,0,0,0,0,0,3157CAN18 ,741354544,926232883
CAN18 ,Liam Millar                 ,Canada             ,Grupo B,Comum,0,0,0,0,0,0,0,0,0,0,0,0,0,0,3157CAN19 ,741354544,926232883
CAN19 ,Cyle Larin                  ,Canada             ,Grupo B,Comum,0,0,0,0,0,0,0,0,0,0,0,0,0,0,3157CAN20 ,741354544,926232883
CAN20 ,Jonathan David              ,Canada             ,Grupo B,Comum,0,0,0,0,0,0,0,0,0,0,0,0,0,0,3157BIH1  ,741354544,926232883
BIH1  ,Escudo                      ,Bosnia             ,Grupo B,Especial,0,0,0,0,0,0,0,0,0,0,0,0,12332BIH2  ,824979500,842216242
BIH2  ,Nikola Vasilj               ,Bosnia             ,Grupo B,Comum,0,0,0,0,0,0,0,0,0,0,0,0,0,0,3157BIH3  ,741354544,926232883
BIH3  ,Amer Dedic                  ,Bosnia             ,Grupo B,Comum,0,0,0,0,0,0,0,0,0,0,0,0,0,0,3157BIH4  ,741354544,926232883
BIH4  ,Sead Kolasinac              ,Bosnia             ,Grupo B,Comum,0,0,0,0,0,0,0,0,0,0,0,0,0,0,3157BIH5  ,741354544,926232883
BIH5  ,Tarik Muharemovic           ,Bosnia             ,Grupo B,Comum,0,0,0,0,0,0,0,0,0,0,0,0,0,0,3157BIH6  ,741354544,926232883
BIH6  ,Nihad Mujakic               ,Bosnia             ,Grupo B,Comum,0,0,0,0,0,0,0,0,0,0,0,0,0,0,3157BIH7  ,741354544,926232883
BIH7  ,Nikola Katic                ,Bosnia             ,Grupo B,Comum,0,0,0,0,0,0,0,0,0,0,0,0,0,0,3157BIH8  ,741354544,926232883
BIH8  ,Amir Hadziahmetovic         ,Bosnia             ,Grupo B,Comum,0,0,0,0,0,0,0,0,0,0,0,0,0,0,3157BIH9  ,741354544,926232883
BIH9  ,Benjamin Tahirovic          ,Bosnia             ,Grupo B,Comum,0,0,0,0,0,0,0,0,0,0,0,0,0,0,3157BIH10 ,741354544,926232883
BIH10 ,Armin Gigovic               ,Bosnia             ,Grupo B,Comum,0,0,0,0,0,0,0,0,0,0,0,0,0,0,3157BIH11 ,741354544,926232883
BIH11 ,Ivan Sunjic                 ,Bosnia             ,Grupo B,Comum,0,0,0,0,0,0,0,0,0,0,0,0,0,0,3157BIH12 ,741354544,926232883
BIH12 ,Ivan Basic                  ,Bosnia             ,Grupo B,Comum,0,0,0,0,0,0,0,0,0,0,0,0,0,0,3157BIH13 ,741354544,926232883
BIH13 ,Foto da Equipe              ,Bosnia             ,Grupo B,Comum,0,0,0,0,0,0,0,0,0,0,0,0,0,0,3157BIH14 ,741354544,926232883
BIH14 ,Dzenis Burnic               ,Bosnia             ,Grupo B,Comum,0,0,0,0,0,0,0,0,0,0,0,0,0,0,3157BIH15 ,741354544,926232883
BIH15 ,Esmir Bajraktarevic         ,Bosnia             ,Grupo B,Comum,0,0,0,0,0,0,0,0,0,0,0,0,0,0,3157BIH16 ,741354544,926232883
BIH16 ,Amar Memic                  ,Bosnia             ,Grupo B,Comum,0,0,0,0,0,0,0,0,0,0,0,0,0,0,3157BIH17 ,741354544,926232883
BIH17 ,Ermedin Demirovic           ,Bosnia             ,Grupo B,Comum,0,0,0,0,0,0,0,0,0,0,0,0,0,0,3157BIH18 ,741354544,926232883
BIH18 ,Edin Dzeko                  ,Bosnia             ,Grupo B,Comum,0,0,0,0,0,0,0,0,0,0,0,0,0,0,3157BIH19 ,741354544,926232883
BIH19 ,Samed Bazdar                ,Bosnia             ,Grupo B,Comum,0,0,0,0,0,0,0,0,0,0,0,0,0,0,3157BIH20 ,741354544,926232883
BIH20 ,Haris Tabakovic             ,Bosnia             ,Grupo B,Comum,0,0,0,0,0,0,0,0,0,0,0,0,0,0,3157QAT1  ,741354544,926232883
QAT1  ,Escudo                      ,Qatar              ,Grupo B,Especial,0,0,0,0,0,0,0,0,0,0,0,0,12332QAT2  ,824979500,842216242
QAT2  ,Meshaal Barsham             ,Qatar              ,Grupo B,Comum,0,0,0,0,0,0,0,0,0,0,0,0,0,0,3157QAT3  ,741354544,926232883
QAT3  ,Sultan Albrake              ,Qatar              ,Grupo B,Comum,0,0,0,0,0,0,0,0,0,0,0,0,0,0,3157QAT4  ,741354544,926232883
QAT4  ,Lucas Mendes                ,Qatar              ,Grupo B,Comum,0,0,0,0,0,0,0,0,0,0,0,0,0,0,3157QAT5  ,741354544,926232883
QAT5  ,Homam Ahmed                 ,Qatar              ,Grupo B,Comum,0,0,0,0,0,0,0,0,0,0,0,0,0,0,3157QAT6  ,741354544,926232883
QAT6  ,Boualem Khoukhi             ,Qatar              ,Grupo B,Comum,0,0,0,0,0,0,0,0,0,0,0,0,0,0,3157QAT7  ,741354544,926232883
QAT7  ,Pedro Miguel                ,Qatar              ,Grupo B,Comum,0,0,0,0,0,0,0,0,0,0,0,0,0,0,3157QAT8  ,741354544,926232883
QAT8  ,Tarek Salman                ,Qatar              ,Grupo B,Comum,0,0,0,0,0,0,0,0,0,0,0,0,0,0,3157QAT9  ,741354544,926232883
QAT9  ,Mohamed Al-Mannai           ,Qatar              ,Grupo B,Comum,0,0,0,0,0,0,0,0,0,0,0,0,0,0,3157QAT10 ,741354544,926232883
QAT10 ,Karim Boudiaf               ,Qatar              ,Grupo B,Comum,0,0,0,0,0,0,0,0,0,0,0,0,0,0,3157QAT11 ,741354544,926232883
QAT11 ,Assim Madibo                ,Qatar              ,Grupo B,Comum,0,0,0,0,0,0,0,0,0,0,0,0,0,0,3157QAT12 ,741354544,926232883
QAT12 ,Ahmed Fatehi                ,Qatar              ,Grupo B,Comum,0,0,0,0,0,0,0,0,0,0,0,0,0,0,3157QAT13 ,741354544,926232883
QAT13 ,Foto da Equipe              ,Qatar              ,Grupo B,Comum,0,0,0,0,0,0,0,0,0,0,0,0,0,0,3157QAT14 ,741354544,926232883
QAT14 ,Mohammed Waad               ,Qatar              ,Grupo B,Comum,0,0,0,0,0,0,0,0,0,0,0,0,0,0,3157QAT15 ,741354544,926232883
QAT15 ,Abdulaziz Hatem             ,Qatar              ,Grupo B,Comum,0,0,0,0,0,0,0,0,0,0,0,0,0,0,3157QAT16 ,741354544,926232883
QAT16 ,Hassan Al-Haydos            ,Qatar              ,Grupo B,Comum,0,0,0,0,0,0,0,0,0,0,0,0,0,0,3157QAT17 ,741354544,926232883
QAT17 ,Edmilson Junior             ,Qatar              ,Grupo B,Comum,0,0,0,0,0,0,0,0,0,0,0,0,0,0,3157QAT18 ,741354544,926232883
QAT18 ,Akram Hassan Afif           ,Qatar              ,Grupo B,Comum,0,0,0,0,0,0,0,0,0,0,0,0,0,0,3157QAT19 ,741354544,926232883
QAT19 ,Ahmed Al Ganehi             ,Qatar              ,Grupo B,Comum,0,0,0,0,0,0,0,0,0,0,0,0,0,0,3157QAT20 ,741354544,926232883
QAT20 ,Almoez Ali                  ,Qatar              ,Grupo B,Comum,0,0,0,0,0,0,0,0,0,0,0,0,0,0,3157SUI1  ,741354544,926232883
SUI1  ,Escudo                      ,Suica              ,Grupo B,Especial,0,0,0,0,0,0,0,0,0,0,0,0,12332SUI2  ,824979500,842216242
SUI2  ,Gregor Kobel                ,Suica              ,Grupo B,Comum,0,0,0,0,0,0,0,0,0,0,0,0,0,0,3157SUI3  ,741354544,926232883
SUI3  ,Yvon Mvogo                  ,Suica              ,Grupo B,Comum,0,0,0,0,0,0,0,0,0,0,0,0,0,0,3157SUI4  ,741354544,926232883
SUI4  ,Manuel Akanji               ,Suica              ,Grupo B,Comum,0,0,0,0,0,0,0,0,0,0,0,0,0,0,3157SUI5  ,741354544,926232883
SUI5  ,Ricardo Rodriguez           ,Suica              ,Grupo B,Comum,0,0,0,0,0,0,0,0,0,0,0,0,0,0,3157SUI6  ,741354544,926232883
SUI6  ,Nico Elvedi                 ,Suica              ,Grupo B,Comum,0,0,0,0,0,0,0,0,0,0,0,0,0,0,3157SUI7  ,741354544,926232883
SUI7  ,Aurele Amenda               ,Suica              ,Grupo B,Comum,0,0,0,0,0,0,0,0,0,0,0,0,0,0,3157SUI8  ,741354544,926232883
SUI8  ,Silvan Widmer               ,Suica              ,Grupo B,Comum,0,0,0,0,0,0,0,0,0,0,0,0,0,0,3157SUI9  ,741354544,926232883
SUI9  ,Granit Xhaka                ,Suica              ,Grupo B,Comum,0,0,0,0,0,0,0,0,0,0,0,0,0,0,3157SUI10 ,741354544,926232883
SUI10 ,Denis Zakaria               ,Suica              ,Grupo B,Comum,0,0,0,0,0,0,0,0,0,0,0,0,0,0,3157SUI11 ,741354544,926232883
SUI11 ,Remo Freuler                ,Suica              ,Grupo B,Comum,0,0,0,0,0,0,0,0,0,0,0,0,0,0,3157SUI12 ,741354544,926232883
SUI12 ,Fabian Rieder               ,Suica              ,Grupo B,Comum,0,0,0,0,0,0,0,0,0,0,0,0,0,0,3157SUI13 ,741354544,926232883
SUI13 ,Foto da Equipe              ,Suica              ,Grupo B,Comum,0,0,0,0,0,0,0,0,0,0,0,0,0,0,3157SUI14 ,741354544,926232883
SUI14 ,Ardon Jashari               ,Suica              ,Grupo B,Comum,0,0,0,0,0,0,0,0,0,0,0,0,0,0,3157SUI15 ,741354544,926232883
SUI15 ,Johan Manzambi              ,Suica              ,Grupo B,Comum,0,0,0,0,0,0,0,0,0,0,0,0,0,0,3157SUI16 ,741354544,926232883
SUI16 ,Michel Aebischer            ,Suica              ,Grupo B,Comum,0,0,0,0,0,0,0,0,0,0,0,0,0,0,3157SUI17 ,741354544,926232883
SUI17 ,Breel Embolo                ,Suica              ,Grupo B,Comum,0,0,0,0,0,0,0,0,0,0,0,0,0,0,3157SUI18 ,741354544,926232883
SUI18 ,Ruben Vargas                ,Suica              ,Grupo B,Comum,0,0,0,0,0,0,0,0,0,0,0,0,0,0,3157SUI19 ,741354544,926232883
SUI19 ,Dan Ndoye                   ,Suica              ,Grupo B,Comum,0,0,0,0,0,0,0,0,0,0,0,0,0,0,3157SUI20 ,741354544,926232883
SUI20 ,Zeki Amdouni                ,Suica              ,Grupo B,Comum,0,0,0,0,0,0,0,0,0,0,0,0,0,0,3157BRA1  ,741354544,926232883
BRA1  ,Escudo                      ,Brasil             ,Grupo C,Especial,0,0,0,0,0,0,0,0,0,0,0,0,12332BRA2  ,824979500,842216242
BRA2  ,Alisson                     ,Brasil             ,Grupo C,Comum,0,0,0,0,0,0,0,0,0,0,0,0,0,0,3157BRA3  ,741354544,926232883
BRA3  ,Bento                       ,Brasil             ,Grupo C,Comum,0,0,0,0,0,0,0,0,0,0,0,0,0,0,3157BRA4  ,741354544,926232883
BRA4  ,Marquinhos                  ,Brasil             ,Grupo C,Comum,0,0,0,0,0,0,0,0,0,0,0,0,0,0,3157BRA5  ,741354544,926232883
BRA5  ,Eder Militao                ,Brasil             ,Grupo C,Comum,0,0,0,0,0,0,0,0,0,0,0,0,0,0,3157BRA6  ,741354544,926232883
BRA6  ,Gabriel Magalhaes           ,Brasil             ,Grupo C,Comum,0,0,0,0,0,0,0,0,0,0,0,0,0,0,3157BRA7  ,741354544,926232883
BRA7  ,Danilo                      ,Brasil             ,Grupo C,Comum,0,0,0,0,0,0,0,0,0,0,0,0,0,0,3157BRA8  ,741354544,926232883
BRA8  ,Wesley                      ,Brasil             ,Grupo C,Comum,0,0,0,0,0,0,0,0,0,0,0,0,0,0,3157BRA9  ,741354544,926232883
BRA9  ,Lucas Paqueta               ,Brasil             ,Grupo C,Comum,0,0,0,0,0,0,0,0,0,0,0,0,0,0,3157BRA10 ,741354544,926232883
BRA10 ,Casemiro                    ,Brasil             ,Grupo C,Comum,0,0,0,0,0,0,0,0,0,0,0,0,0,0,3157BRA11 ,741354544,926232883
BRA11 ,Bruno Guimaraes             ,Brasil             ,Grupo C,Comum,0,0,0,0,0,0,0,0,0,0,0,0,0,0,3157BRA12 ,741354544,926232883
BRA12 ,Luiz Henrique               ,Brasil             ,Grupo C,Comum,0,0,0,0,0,0,0,0,0,0,0,0,0,0,3157BRA13 ,741354544,926232883
BRA13 ,Foto da Equipe              ,Brasil             ,Grupo C,Comum,0,0,0,0,0,0,0,0,0,0,0,0,0,0,3157BRA14 ,741354544,926232883
BRA14 ,Vinicius Junior             ,Brasil             ,Grupo C,Comum,0,0,0,0,0,0,0,0,0,0,0,0,0,0,3157BRA15 ,741354544,926232883
BRA15 ,Rodrygo                     ,Brasil             ,Grupo C,Comum,0,0,0,0,0,0,0,0,0,0,0,0,0,0,3157BRA16 ,741354544,926232883
BRA16 ,Joao Pedro                  ,Brasil             ,Grupo C,Comum,0,0,0,0,0,0,0,0,0,0,0,0,0,0,3157BRA17 ,741354544,926232883
BRA17 ,Matheus Cunha               ,Brasil             ,Grupo C,Comum,0,0,0,0,0,0,0,0,0,0,0,0,0,0,3157BRA18 ,741354544,926232883
BRA18 ,Gabriel Martinelli          ,Brasil             ,Grupo C,Comum,0,0,0,0,0,0,0,0,0,0,0,0,0,0,3157BRA19 ,741354544,926232883
BRA19 ,Raphinha                    ,Brasil             ,Grupo C,Comum,0,0,0,0,0,0,0,0,0,0,0,0,0,0,3157BRA20 ,741354544,926232883
BRA20 ,Estevao                     ,Brasil             ,Grupo C,Comum,0,0,0,0,0,0,0,0,0,0,0,0,0,0,3157MAR1  ,741354544,926232883
MAR1  ,Escudo                      ,Marrocos           ,Grupo C,Especial,0,0,0,0,0,0,0,0,0,0,0,0,12332MAR2  ,824979500,842216242
MAR2  ,Yassine Bounou              ,Marrocos           ,Grupo C,Comum,0,0,0,0,0,0,0,0,0,0,0,0,0,0,3157MAR3  ,741354544,926232883
MAR3  ,Munir El Kajoui             ,Marrocos           ,Grupo C,Comum,0,0,0,0,0,0,0,0,0,0,0,0,0,0,3157MAR4  ,741354544,926232883
MAR4  ,Achraf Hakimi               ,Marrocos           ,Grupo C,Comum,0,0,0,0,0,0,0,0,0,0,0,0,0,0,3157MAR5  ,741354544,926232883
MAR5  ,Noussair Mazraoui           ,Marrocos           ,Grupo C,Comum,0,0,0,0,0,0,0,0,0,0,0,0,0,0,3157MAR6  ,741354544,926232883
MAR6  ,Nayef Aguerd                ,Marrocos           ,Grupo C,Comum,0,0,0,0,0,0,0,0,0,0,0,0,0,0,3157MAR7  ,741354544,926232883
MAR7  ,Roman Saiss                 ,Marrocos           ,Grupo C,Comum,0,0,0,0,0,0,0,0,0,0,0,0,0,0,3157MAR8  ,741354544,926232883
MAR8  ,Jawad El Yamio              ,Marrocos           ,Grupo C,Comum,0,0,0,0,0,0,0,0,0,0,0,0,0,0,3157MAR9  ,741354544,926232883
MAR9  ,Adam Masina                 ,Marrocos           ,Grupo C,Comum,0,0,0,0,0,0,0,0,0,0,0,0,0,0,3157MAR10 ,741354544,926232883
MAR10 ,Sofyan Amrabat              ,Marrocos           ,Grupo C,Comum,0,0,0,0,0,0,0,0,0,0,0,0,0,0,3157MAR11 ,741354544,926232883
MAR11 ,Azzedine Ounahi             ,Marrocos           ,Grupo C,Comum,0,0,0,0,0,0,0,0,0,0,0,0,0,0,3157MAR12 ,741354544,926232883
MAR12 ,Eliesse Ben Seghir          ,Marrocos           ,Grupo C,Comum,0,0,0,0,0,0,0,0,0,0,0,0,0,0,3157MAR13 ,741354544,926232883
MAR13 ,Foto da Equipe              ,Marrocos           ,Grupo C,Comum,0,0,0,0,0,0,0,0,0,0,0,0,0,0,3157MAR14 ,741354544,926232883
MAR14 ,Bilal El Khannouss          ,Marrocos           ,Grupo C,Comum,0,0,0,0,0,0,0,0,0,0,0,0,0,0,3157MAR15 ,741354544,926232883
MAR15 ,Ismael Saibari              ,Marrocos           ,Grupo C,Comum,0,0,0,0,0,0,0,0,0,0,0,0,0,0,3157MAR16 ,741354544,926232883
MAR16 ,Youssef En-Nesyri           ,Marrocos           ,Grupo C,Comum,0,0,0,0,0,0,0,0,0,0,0,0,0,0,3157MAR17 ,741354544,926232883
MAR17 ,Abde Ezzalzouli             ,Marrocos           ,Grupo C,Comum,0,0,0,0,0,0,0,0,0,0,0,0,0,0,3157MAR18 ,741354544,926232883
MAR18 ,Soufiane Rahimi             ,Marrocos           ,Grupo C,Comum,0,0,0,0,0,0,0,0,0,0,0,0,0,0,3157MAR19 ,741354544,926232883
MAR19 ,Brahim Diaz                 ,Marrocos           ,Grupo C,Comum,0,0,0,0,0,0,0,0,0,0,0,0,0,0,3157MAR20 ,741354544,926232883
MAR20 ,Ayoub El Kaabi              ,Marrocos           ,Grupo C,Comum,0,0,0,0,0,0,0,0,0,0,0,0,0,0,3157HAI1  ,741354544,926232883
HAI1  ,Escudo                      ,Haiti              ,Grupo C,Especial,0,0,0,0,0,0,0,0,0,0,0,0,12332HAI2  ,824979500,842216242
HAI2  ,Johny Placide               ,Haiti              ,Grupo C,Comum,0,0,0,0,0,0,0,0,0,0,0,0,0,0,3157HAI3  ,741354544,926232883
HAI3  ,Carlens Arcus               ,Haiti              ,Grupo C,Comum,0,0,0,0,0,0,0,0,0,0,0,0,0,0,3157HAI4  ,741354544,926232883
HAI4  ,Martin Experience           ,Haiti              ,Grupo C,Comum,0,0,0,0,0,0,0,0,0,0,0,0,0,0,3157HAI5  ,741354544,926232883
HAI5  ,Jean-Kevin Duverne          ,Haiti              ,Grupo C,Comum,0,0,0,0,0,0,0,0,0,0,0,0,0,0,3157HAI6  ,741354544,926232883
HAI6  ,Ricardo Ade                 ,Haiti              ,Grupo C,Comum,0,0,0,0,0,0,0,0,0,0,0,0,0,0,3157HAI7  ,741354544,926232883
HAI7  ,Duke Lacroix                ,Haiti              ,Grupo C,Comum,0,0,0,0,0,0,0,0,0,0,0,0,0,0,3157HAI8  ,741354544,926232883
HAI8  ,Garven Metusala             ,Haiti              ,Grupo C,Comum,0,0,0,0,0,0,0,0,0,0,0,0,0,0,3157HAI9  ,741354544,926232883
HAI9  ,Hannes Delcroix             ,Haiti              ,Grupo C,Comum,0,0,0,0,0,0,0,0,0,0,0,0,0,0,3157HAI10 ,741354544,926232883
HAI10 ,Leverton Pierre             ,Haiti              ,Grupo C,Comum,0,0,0,0,0,0,0,0,0,0,0,0,0,0,3157HAI11 ,741354544,926232883
HAI11 ,Danley Jean Jacques         ,Haiti              ,Grupo C,Comum,0,0,0,0,0,0,0,0,0,0,0,0,0,0,3157HAI12 ,741354544,926232883
HAI12 ,Jean-Ricner Bellegarde      ,Haiti              ,Grupo C,Comum,0,0,0,0,0,0,0,0,0,0,0,0,0,0,3157HAI13 ,741354544,926232883
HAI13 ,Foto da Equipe              ,Haiti              ,Grupo C,Comum,0,0,0,0,0,0,0,0,0,0,0,0,0,0,3157HAI14 ,741354544,926232883
HAI14 ,Christopher Attys           ,Haiti              ,Grupo C,Comum,0,0,0,0,0,0,0,0,0,0,0,0,0,0,3157HAI15 ,741354544,926232883
HAI15 ,Derrick Etienne Jr.         ,Haiti              ,Grupo C,Comum,0,0,0,0,0,0,0,0,0,0,0,0,0,0,3157HAI16 ,741354544,926232883
HAI16 ,Josue Casimir               ,Haiti              ,Grupo C,Comum,0,0,0,0,0,0,0,0,0,0,0,0,0,0,3157HAI17 ,741354544,926232883
HAI17 ,Ruben Providence            ,Haiti              ,Grupo C,Comum,0,0,0,0,0,0,0,0,0,0,0,0,0,0,3157HAI18 ,741354544,926232883
HAI18 ,Duckens Nazon               ,Haiti              ,Grupo C,Comum,0,0,0,0,0,0,0,0,0,0,0,0,0,0,3157HAI19 ,741354544,926232883
HAI19 ,Louicius Deedson            ,Haiti              ,Grupo C,Comum,0,0,0,0,0,0,0,0,0,0,0,0,0,0,3157HAI20 ,741354544,926232883
HAI20 ,Frantzdy Pierrot            ,Haiti              ,Grupo C,Comum,0,0,0,0,0,0,0,0,0,0,0,0,0,0,3157SCO1  ,741354544,926232883
SCO1  ,Escudo                      ,Escocia            ,Grupo C,Especial,0,0,0,0,0,0,0,0,0,0,0,0,12332SCO2  ,824979500,842216242
SCO2  ,Angus Gunn                  ,Escocia            ,Grupo C,Comum,0,0,0,0,0,0,0,0,0,0,0,0,0,0,3157SCO3  ,741354544,926232883
SCO3  ,Jack Hendry                 ,Escocia            ,Grupo C,Comum,0,0,0,0,0,0,0,0,0,0,0,0,0,0,3157SCO4  ,741354544,926232883
SCO4  ,Kieran Tierney              ,Escocia            ,Grupo C,Comum,0,0,0,0,0,0,0,0,0,0,0,0,0,0,3157SCO5  ,741354544,926232883
SCO5  ,Aaron Hickey                ,Escocia            ,Grupo C,Comum,0,0,0,0,0,0,0,0,0,0,0,0,0,0,3157SCO6  ,741354544,926232883
SCO6  ,Andrew Robertson            ,Escocia            ,Grupo C,Comum,0,0,0,0,0,0,0,0,0,0,0,0,0,0,3157SCO7  ,741354544,926232883
SCO7  ,Scott McKenna               ,Escocia            ,Grupo C,Comum,0,0,0,0,0,0,0,0,0,0,0,0,0,0,3157SCO8  ,741354544,926232883
SCO8  ,John Souttar                ,Escocia            ,Grupo C,Comum,0,0,0,0,0,0,0,0,0,0,0,0,0,0,3157SCO9  ,741354544,926232883
SCO9  ,Anthony Ralston             ,Escocia            ,Grupo C,Comum,0,0,0,0,0,0,0,0,0,0,0,0,0,0,3157SCO10 ,741354544,926232883
SCO10 ,Grant Hanley                ,Escocia            ,Grupo C,Comum,0,0,0,0,0,0,0,0,0,0,0,0,0,0,3157SCO11 ,741354544,926232883
SCO11 ,Scott McTominay             ,Escocia            ,Grupo C,Comum,0,0,0,0,0,0,0,0,0,0,0,0,0,0,3157SCO12 ,741354544,926232883
SCO12 ,Billy Gilmour               ,Escocia            ,Grupo C,Comum,0,0,0,0,0,0,0,0,0,0,0,0,0,0,3157SCO13 ,741354544,926232883
SCO13 ,Foto da Equipe              ,Escocia            ,Grupo C,Comum,0,0,0,0,0,0,0,0,0,0,0,0,0,0,3157SCO14 ,741354544,926232883
SCO14 ,Lewis Ferguson              ,Escocia            ,Grupo C,Comum,0,0,0,0,0,0,0,0,0,0,0,0,0,0,3157SCO15 ,741354544,926232883
SCO15 ,Ryan Christie               ,Escocia            ,Grupo C,Comum,0,0,0,0,0,0,0,0,0,0,0,0,0,0,3157SCO16 ,741354544,926232883
SCO16 ,Kenny McLean                ,Escocia            ,Grupo C,Comum,0,0,0,0,0,0,0,0,0,0,0,0,0,0,3157SCO17 ,741354544,926232883
SCO17 ,John McGinn                 ,Escocia            ,Grupo C,Comum,0,0,0,0,0,0,0,0,0,0,0,0,0,0,3157SCO18 ,741354544,926232883
SCO18 ,Lyndon Dykes                ,Escocia            ,Grupo C,Comum,0,0,0,0,0,0,0,0,0,0,0,0,0,0,3157SCO19 ,741354544,926232883
SCO19 ,Che Adams                   ,Escocia            ,Grupo C,Comum,0,0,0,0,0,0,0,0,0,0,0,0,0,0,3157SCO20 ,741354544,926232883
SCO20 ,Ben Gannon-Doak             ,Escocia            ,Grupo C,Comum,0,0,0,0,0,0,0,0,0,0,0,0,0,0,3157USA1  ,741354544,926232883
USA1  ,Escudo                      ,Estados Unidos     ,Grupo D,Especial,0,0,0,0,0,0,0,0,0,0,0,0,12332USA2  ,824979500,842216242
USA2  ,Math Freese                 ,Estados Unidos     ,Grupo D,Comum,0,0,0,0,0,0,0,0,0,0,0,0,0,0,3157USA3  ,741354544,926232883
USA3  ,Chris Richards              ,Estados Unidos     ,Grupo D,Comum,0,0,0,0,0,0,0,0,0,0,0,0,0,0,3157USA4  ,741354544,926232883
USA4  ,Tim Ream                    ,Estados Unidos     ,Grupo D,Comum,0,0,0,0,0,0,0,0,0,0,0,0,0,0,3157USA5  ,741354544,926232883
USA5  ,Mark McKenzie               ,Estados Unidos     ,Grupo D,Comum,0,0,0,0,0,0,0,0,0,0,0,0,0,0,3157USA6  ,741354544,926232883
USA6  ,Alex Freeman                ,Estados Unidos     ,Grupo D,Comum,0,0,0,0,0,0,0,0,0,0,0,0,0,0,3157USA7  ,741354544,926232883
USA7  ,Antonee Robinson            ,Estados Unidos     ,Grupo D,Comum,0,0,0,0,0,0,0,0,0,0,0,0,0,0,3157USA8  ,741354544,926232883
USA8  ,Tyler Adams                 ,Estados Unidos     ,Grupo D,Comum,0,0,0,0,0,0,0,0,0,0,0,0,0,0,3157USA9  ,741354544,926232883
USA9  ,Tanner Tessmann             ,Estados Unidos     ,Grupo D,Comum,0,0,0,0,0,0,0,0,0,0,0,0,0,0,3157USA10 ,741354544,926232883
USA10 ,Weston McKenny              ,Estados Unidos     ,Grupo D,Comum,0,0,0,0,0,0,0,0,0,0,0,0,0,0,3157USA11 ,741354544,926232883
USA11 ,Christian Roldan            ,Estados Unidos     ,Grupo D,Comum,0,0,0,0,0,0,0,0,0,0,0,0,0,0,3157USA12 ,741354544,926232883
USA12 ,Timothy Weah                ,Estados Unidos     ,Grupo D,Comum,0,0,0,0,0,0,0,0,0,0,0,0,0,0,3157USA13 ,741354544,926232883
USA13 ,Foto da Equipe              ,Estados Unidos     ,Grupo D,Comum,0,0,0,0,0,0,0,0,0,0,0,0,0,0,3157USA14 ,741354544,926232883
USA14 ,Diego Luna                  ,Estados Unidos     ,Grupo D,Comum,0,0,0,0,0,0,0,0,0,0,0,0,0,0,3157USA15 ,741354544,926232883
USA15 ,Malim Tillman               ,Estados Unidos     ,Grupo D,Comum,0,0,0,0,0,0,0,0,0,0,0,0,0,0,3157USA16 ,741354544,926232883
USA16 ,Christian Pulisic           ,Estados Unidos     ,Grupo D,Comum,0,0,0,0,0,0,0,0,0,0,0,0,0,0,3157USA17 ,741354544,926232883
USA17 ,Brenden Aaronson            ,Estados Unidos     ,Grupo D,Comum,0,0,0,0,0,0,0,0,0,0,0,0,0,0,3157USA18 ,741354544,926232883
USA18 ,Ricardo Pepi                ,Estados Unidos     ,Grupo D,Comum,0,0,0,0,0,0,0,0,0,0,0,0,0,0,3157USA19 ,741354544,926232883
USA19 ,Haji Wright                 ,Estados Unidos     ,Grupo D,Comum,0,0,0,0,0,0,0,0,0,0,0,0,0,0,3157USA20 ,741354544,926232883
USA20 ,Folarin Balogun             ,Estados Unidos     ,Grupo D,Comum,0,0,0,0,0,0,0,0,0,0,0,0,0,0,3157PAR1  ,741354544,926232883
PAR1  ,Escudo                      ,Paraguai           ,Grupo D,Especial,0,0,0,0,0,0,0,0,0,0,0,0,12332PAR2  ,824979500,842216242
PAR2  ,Roberto Fernandez           ,Paraguai           ,Grupo D,Comum,0,0,0,0,0,0,0,0,0,0,0,0,0,0,3157PAR3  ,741354544,926232883
PAR3  ,Orlando Gill                ,Paraguai           ,Grupo D,Comum,0,0,0,0,0,0,0,0,0,0,0,0,0,0,3157PAR4  ,741354544,926232883
PAR4  ,Gustavo Gomez               ,Paraguai           ,Grupo D,Comum,0,0,0,0,0,0,0,0,0,0,0,0,0,0,3157PAR5  ,741354544,926232883
PAR5  ,Fabian Balbuena             ,Paraguai           ,Grupo D,Comum,0,0,0,0,0,0,0,0,0,0,0,0,0,0,3157PAR6  ,741354544,926232883
PAR6  ,Juan Jose Caceres           ,Paraguai           ,Grupo D,Comum,0,0,0,0,0,0,0,0,0,0,0,0,0,0,3157PAR7  ,741354544,926232883
PAR7  ,Omar Alderete               ,Paraguai           ,Grupo D,Comum,0,0,0,0,0,0,0,0,0,0,0,0,0,0,3157PAR8  ,741354544,926232883
PAR8  ,Junior Alonso               ,Paraguai           ,Grupo D,Comum,0,0,0,0,0,0,0,0,0,0,0,0,0,0,3157PAR9  ,741354544,926232883
PAR9  ,Mathias Villasanti          ,Paraguai           ,Grupo D,Comum,0,0,0,0,0,0,0,0,0,0,0,0,0,0,3157PAR10 ,741354544,926232883
PAR10 ,Diego Gomez                 ,Paraguai           ,Grupo D,Comum,0,0,0,0,0,0,0,0,0,0,0,0,0,0,3157PAR11 ,741354544,926232883
PAR11 ,Damian Bobadilla            ,Paraguai           ,Grupo D,Comum,0,0,0,0,0,0,0,0,0,0,0,0,0,0,3157PAR12 ,741354544,926232883
PAR12 ,Andres Cubas                ,Paraguai           ,Grupo D,Comum,0,0,0,0,0,0,0,0,0,0,0,0,0,0,3157PAR13 ,741354544,926232883
PAR13 ,Foto da Equipe              ,Paraguai           ,Grupo D,Comum,0,0,0,0,0,0,0,0,0,0,0,0,0,0,3157PAR14 ,741354544,926232883
PAR14 ,Matias Galarza Fonda        ,Paraguai           ,Grupo D,Comum,0,0,0,0,0,0,0,0,0,0,0,0,0,0,3157PAR15 ,741354544,926232883
PAR15 ,Julio Enciso                ,Paraguai           ,Grupo D,Comum,0,0,0,0,0,0,0,0,0,0,0,0,0,0,3157PAR16 ,741354544,926232883
PAR16 ,Alejandro Romero Gamarra    ,Paraguai           ,Grupo D,Comum,0,0,0,0,0,0,0,0,0,0,0,0,0,0,3157PAR17 ,741354544,926232883
PAR17 ,Miguel Almiron              ,Paraguai           ,Grupo D,Comum,0,0,0,0,0,0,0,0,0,0,0,0,0,0,3157PAR18 ,741354544,926232883
PAR18 ,Ramon Sosa                  ,Paraguai           ,Grupo D,Comum,0,0,0,0,0,0,0,0,0,0,0,0,0,0,3157PAR19 ,741354544,926232883
PAR19 ,Angel Romero                ,Paraguai           ,Grupo D,Comum,0,0,0,0,0,0,0,0,0,0,0,0,0,0,3157PAR20 ,741354544,926232883
PAR20 ,Antonio Sanabria            ,Paraguai           ,Grupo D,Comum,0,0,0,0,0,0,0,0,0,0,0,0,0,0,3157AUS1  ,741354544,926232883
AUS1  ,Escudo                      ,Australia          ,Grupo D,Especial,0,0,0,0,0,0,0,0,0,0,0,0,12332AUS2  ,824979500,842216242
AUS2  ,Mathew Ryan                 ,Australia          ,Grupo D,Comum,0,0,0,0,0,0,0,0,0,0,0,0,0,0,3157AUS3  ,741354544,926232883
AUS3  ,Joe Gauci                   ,Australia          ,Grupo D,Comum,0,0,0,0,0,0,0,0,0,0,0,0,0,0,3157AUS4  ,741354544,926232883
AUS4  ,Harry Souttar               ,Australia          ,Grupo D,Comum,0,0,0,0,0,0,0,0,0,0,0,0,0,0,3157AUS5  ,741354544,926232883
AUS5  ,Alessandro Circati          ,Australia          ,Grupo D,Comum,0,0,0,0,0,0,0,0,0,0,0,0,0,0,3157AUS6  ,741354544,926232883
AUS6  ,Jordan Bos                  ,Australia          ,Grupo D,Comum,0,0,0,0,0,0,0,0,0,0,0,0,0,0,3157AUS7  ,741354544,926232883
AUS7  ,Aziz Behich                 ,Australia          ,Grupo D,Comum,0,0,0,0,0,0,0,0,0,0,0,0,0,0,3157AUS8  ,741354544,926232883
AUS8  ,Cameron Burgess             ,Australia          ,Grupo D,Comum,0,0,0,0,0,0,0,0,0,0,0,0,0,0,3157AUS9  ,741354544,926232883
AUS9  ,Lewis Miller                ,Australia          ,Grupo D,Comum,0,0,0,0,0,0,0,0,0,0,0,0,0,0,3157AUS10 ,741354544,926232883
AUS10 ,Milos Degenek               ,Australia          ,Grupo D,Comum,0,0,0,0,0,0,0,0,0,0,0,0,0,0,3157AUS11 ,741354544,926232883
AUS11 ,Jackson Irvine              ,Australia          ,Grupo D,Comum,0,0,0,0,0,0,0,0,0,0,0,0,0,0,3157AUS12 ,741354544,926232883
AUS12 ,Riley McGree                ,Australia          ,Grupo D,Comum,0,0,0,0,0,0,0,0,0,0,0,0,0,0,3157AUS13 ,741354544,926232883
AUS13 ,Foto da Equipe              ,Australia          ,Grupo D,Comum,0,0,0,0,0,0,0,0,0,0,0,0,0,0,3157AUS14 ,741354544,926232883
AUS14 ,Aiden O'Neill               ,Australia          ,Grupo D,Comum,0,0,0,0,0,0,0,0,0,0,0,0,0,0,3157AUS15 ,741354544,926232883
AUS15 ,Connor Metcalfe             ,Australia          ,Grupo D,Comum,0,0,0,0,0,0,0,0,0,0,0,0,0,0,3157AUS16 ,741354544,926232883
AUS16 ,Patrick Yazbek              ,Australia          ,Grupo D,Comum,0,0,0,0,0,0,0,0,0,0,0,0,0,0,3157AUS17 ,741354544,926232883
AUS17 ,Craig Goodwin               ,Australia          ,Grupo D,Comum,0,0,0,0,0,0,0,0,0,0,0,0,0,0,3157AUS18 ,741354544,926232883
AUS18 ,Kusini Vengi                ,Australia          ,Grupo D,Comum,0,0,0,0,0,0,0,0,0,0,0,0,0,0,3157AUS19 ,741354544,926232883
AUS19 ,Nestory Irankunda           ,Australia          ,Grupo D,Comum,0,0,0,0,0,0,0,0,0,0,0,0,0,0,3157AUS20 ,741354544,926232883
AUS20 ,Mohamed Toure               ,Australia          ,Grupo D,Comum,0,0,0,0,0,0,0,0,0,0,0,0,0,0,3157TUR1  ,741354544,926232883
TUR1  ,Escudo                      ,Turquia            ,Grupo D,Especial,0,0,0,0,0,0,0,0,0,0,0,0,12332TUR2  ,824979500,842216242
TUR2  ,Ugurcan Cakir               ,Turquia            ,Grupo D,Comum,0,0,0,0,0,0,0,0,0,0,0,0,0,0,3157TUR3  ,741354544,926232883
TUR3  ,Mert Muldur                 ,Turquia            ,Grupo D,Comum,0,0,0,0,0,0,0,0,0,0,0,0,0,0,3157TUR4  ,741354544,926232883
TUR4  ,Zeki Celik                  ,Turquia            ,Grupo D,Comum,0,0,0,0,0,0,0,0,0,0,0,0,0,0,3157TUR5  ,741354544,926232883
TUR5  ,Abdulkerim Bardakci         ,Turquia            ,Grupo D,Comum,0,0,0,0,0,0,0,0,0,0,0,0,0,0,3157TUR6  ,741354544,926232883
TUR6  ,Caglar Soyunku              ,Turquia            ,Grupo D,Comum,0,0,0,0,0,0,0,0,0,0,0,0,0,0,3157TUR7  ,741354544,926232883
TUR7  ,Merih Demiral               ,Turquia            ,Grupo D,Comum,0,0,0,0,0,0,0,0,0,0,0,0,0,0,3157TUR8  ,741354544,926232883
TUR8  ,Ferdi Kadioglu              ,Turquia            ,Grupo D,Comum,0,0,0,0,0,0,0,0,0,0,0,0,0,0,3157TUR9  ,741354544,926232883
TUR9  ,Kaan Ayhan                  ,Turquia            ,Grupo D,Comum,0,0,0,0,0,0,0,0,0,0,0,0,0,0,3157TUR10 ,741354544,926232883
TUR10 ,Ismail Yuksek               ,Turquia            ,Grupo D,Comum,0,0,0,0,0,0,0,0,0,0,0,0,0,0,3157TUR11 ,741354544,926232883
TUR11 ,Hakan Calhanoglu            ,Turquia            ,Grupo D,Comum,0,0,0,0,0,0,0,0,0,0,0,0,0,0,3157TUR12 ,741354544,926232883
TUR12 ,Orkun Kokcu                 ,Turquia            ,Grupo D,Comum,0,0,0,0,0,0,0,0,0,0,0,0,0,0,3157TUR13 ,741354544,926232883
TUR13 ,Foto da Equipe              ,Turquia            ,Grupo D,Comum,0,0,0,0,0,0,0,0,0,0,0,0,0,0,3157TUR14 ,741354544,926232883
TUR14 ,Arda Guler                  ,Turquia            ,Grupo D,Comum,0,0,0,0,0,0,0,0,0,0,0,0,0,0,3157TUR15 ,741354544,926232883
TUR15 ,Irfan Can Kahvecu           ,Turquia            ,Grupo D,Comum,0,0,0,0,0,0,0,0,0,0,0,0,0,0,3157TUR16 ,741354544,926232883
TUR16 ,Yunus Akgun                 ,Turquia            ,Grupo D,Comum,0,0,0,0,0,0,0,0,0,0,0,0,0,0,3157TUR17 ,741354544,926232883
TUR17 ,Can Uzun                    ,Turquia            ,Grupo D,Comum,0,0,0,0,0,0,0,0,0,0,0,0,0,0,3157TUR18 ,741354544,926232883
TUR18 ,Baris Alper Yilmaz          ,Turquia            ,Grupo D,Comum,0,0,0,0,0,0,0,0,0,0,0,0,0,0,3157TUR19 ,741354544,926232883
TUR19 ,Kerem Akturkoglu            ,Turquia            ,Grupo D,Comum,0,0,0,0,0,0,0,0,0,0,0,0,0,0,3157TUR20 ,741354544,926232883
TUR20 ,Kenan Yildiz                ,Turquia            ,Grupo D,Comum,0,0,0,0,0,0,0,0,0,0,0,0,0,0,3157GER1  ,741354544,926232883
GER1  ,Escudo                      ,Alemanha           ,Grupo E,Especial,0,0,0,0,0,0,0,0,0,0,0,0,12332GER2  ,824979500,842216242
GER2  ,Marc-Andre ter Stegen       ,Alemanha           ,Grupo E,Comum,0,0,0,0,0,0,0,0,0,0,0,0,0,0,3157GER3  ,741354544,926232883
GER3  ,Jonathan Tah                ,Alemanha           ,Grupo E,Comum,0,0,0,0,0,0,0,0,0,0,0,0,0,0,3157GER4  ,741354544,926232883
GER4  ,David Raum                  ,Alemanha           ,Grupo E,Comum,0,0,0,0,0,0,0,0,0,0,0,0,0,0,3157GER5  ,741354544,926232883
GER5  ,Nico Schlotterbeck          ,Alemanha           ,Grupo E,Comum,0,0,0,0,0,0,0,0,0,0,0,0,0,0,3157GER6  ,741354544,926232883
GER6  ,Antonio Rudiger             ,Alemanha           ,Grupo E,Comum,0,0,0,0,0,0,0,0,0,0,0,0,0,0,3157GER7  ,741354544,926232883
GER7  ,Waldemar Anton              ,Alemanha           ,Grupo E,Comum,0,0,0,0,0,0,0,0,0,0,0,0,0,0,3157GER8  ,741354544,926232883
GER8  ,Ridle Baku                  ,Alemanha           ,Grupo E,Comum,0,0,0,0,0,0,0,0,0,0,0,0,0,0,3157GER9  ,741354544,926232883
GER9  ,Maximilian Mittelstadt      ,Alemanha           ,Grupo E,Comum,0,0,0,0,0,0,0,0,0,0,0,0,0,0,3157GER10 ,741354544,926232883
GER10 ,Joshua Kimmich              ,Alemanha           ,Grupo E,Comum,0,0,0,0,0,0,0,0,0,0,0,0,0,0,3157GER11 ,741354544,926232883
GER11 ,Florian Wirtz               ,Alemanha           ,Grupo E,Comum,0,0,0,0,0,0,0,0,0,0,0,0,0,0,3157GER12 ,741354544,926232883
GER12 ,Felix Nmecha                ,Alemanha           ,Grupo E,Comum,0,0,0,0,0,0,0,0,0,0,0,0,0,0,3157GER13 ,741354544,926232883
GER13 ,Foto da Equipe              ,Alemanha           ,Grupo E,Comum,0,0,0,0,0,0,0,0,0,0,0,0,0,0,3157GER14 ,741354544,926232883
GER14 ,Leon Goretzka               ,Alemanha           ,Grupo E,Comum,0,0,0,0,0,0,0,0,0,0,0,0,0,0,3157GER15 ,741354544,926232883
GER15 ,Jamal Musiala               ,Alemanha           ,Grupo E,Comum,0,0,0,0,0,0,0,0,0,0,0,0,0,0,3157GER16 ,741354544,926232883
GER16 ,Serge Gnabry                ,Alemanha           ,Grupo E,Comum,0,0,0,0,0,0,0,0,0,0,0,0,0,0,3157GER17 ,741354544,926232883
GER17 ,Kai Havertz                 ,Alemanha           ,Grupo E,Comum,0,0,0,0,0,0,0,0,0,0,0,0,0,0,3157GER18 ,741354544,926232883
GER18 ,Leroy Sane                  ,Alemanha           ,Grupo E,Comum,0,0,0,0,0,0,0,0,0,0,0,0,0,0,3157GER19 ,741354544,926232883
GER19 ,Karim Adeyemi               ,Alemanha           ,Grupo E,Comum,0,0,0,0,0,0,0,0,0,0,0,0,0,0,3157GER20 ,741354544,926232883
GER20 ,Nick Woltemade              ,Alemanha           ,Grupo E,Comum,0,0,0,0,0,0,0,0,0,0,0,0,0,0,3157CUW1  ,741354544,926232883
CUW1  ,Escudo                      ,Curacao            ,Grupo E,Especial,0,0,0,0,0,0,0,0,0,0,0,0,12332CUW2  ,824979500,842216242
CUW2  ,Eloy Room                   ,Curacao            ,Grupo E,Comum,0,0,0,0,0,0,0,0,0,0,0,0,0,0,3157CUW3  ,741354544,926232883
CUW3  ,Armando Obispo              ,Curacao            ,Grupo E,Comum,0,0,0,0,0,0,0,0,0,0,0,0,0,0,3157CUW4  ,741354544,926232883
CUW4  ,Sherel Floranus             ,Curacao            ,Grupo E,Comum,0,0,0,0,0,0,0,0,0,0,0,0,0,0,3157CUW5  ,741354544,926232883
CUW5  ,Jurien Gaari                ,Curacao            ,Grupo E,Comum,0,0,0,0,0,0,0,0,0,0,0,0,0,0,3157CUW6  ,741354544,926232883
CUW6  ,Joshua Brenet               ,Curacao            ,Grupo E,Comum,0,0,0,0,0,0,0,0,0,0,0,0,0,0,3157CUW7  ,741354544,926232883
CUW7  ,Roshon Van Eijma            ,Curacao            ,Grupo E,Comum,0,0,0,0,0,0,0,0,0,0,0,0,0,0,3157CUW8  ,741354544,926232883
CUW8  ,Shurandy Sambo              ,Curacao            ,Grupo E,Comum,0,0,0,0,0,0,0,0,0,0,0,0,0,0,3157CUW9  ,741354544,926232883
CUW9  ,Livano Comenencia           ,Curacao            ,Grupo E,Comum,0,0,0,0,0,0,0,0,0,0,0,0,0,0,3157CUW10 ,741354544,926232883
CUW10 ,Godfried Roemeratoe         ,Curacao            ,Grupo E,Comum,0,0,0,0,0,0,0,0,0,0,0,0,0,0,3157CUW11 ,741354544,926232883
CUW11 ,Juninho Bacuna              ,Curacao            ,Grupo E,Comum,0,0,0,0,0,0,0,0,0,0,0,0,0,0,3157CUW12 ,741354544,926232883
CUW12 ,Leandro Bacuna              ,Curacao            ,Grupo E,Comum,0,0,0,0,0,0,0,0,0,0,0,0,0,0,3157CUW13 ,741354544,926232883
CUW13 ,Foto da Equipe              ,Curacao            ,Grupo E,Comum,0,0,0,0,0,0,0,0,0,0,0,0,0,0,3157CUW14 ,741354544,926232883
CUW14 ,Tahith Chong                ,Curacao            ,Grupo E,Comum,0,0,0,0,0,0,0,0,0,0,0,0,0,0,3157CUW15 ,741354544,926232883
CUW15 ,Kenji Gorre                 ,Curacao            ,Grupo E,Comum,0,0,0,0,0,0,0,0,0,0,0,0,0,0,3157CUW16 ,741354544,926232883
CUW16 ,Jearl Margaritha            ,Curacao            ,Grupo E,Comum,0,0,0,0,0,0,0,0,0,0,0,0,0,0,3157CUW17 ,741354544,926232883
CUW17 ,Jurgen Locadia              ,Curacao            ,Grupo E,Comum,0,0,0,0,0,0,0,0,0,0,0,0,0,0,3157CUW18 ,741354544,926232883
CUW18 ,Jeremy Antonisse            ,Curacao            ,Grupo E,Comum,0,0,0,0,0,0,0,0,0,0,0,0,0,0,3157CUW19 ,741354544,926232883
CUW19 ,Gervane Kastaneer           ,Curacao            ,Grupo E,Comum,0,0,0,0,0,0,0,0,0,0,0,0,0,0,3157CUW20 ,741354544,926232883
CUW20 ,Sontje Hansen               ,Curacao            ,Grupo E,Comum,0,0,0,0,0,0,0,0,0,0,0,0,0,0,3157CIV1  ,741354544,926232883
CIV1  ,Escudo                      ,Costa do Marfim    ,Grupo E,Especial,0,0,0,0,0,0,0,0,0,0,0,0,12332CIV2  ,824979500,842216242
CIV2  ,Yahia Fofana                ,Costa do Marfim    ,Grupo E,Comum,0,0,0,0,0,0,0,0,0,0,0,0,0,0,3157CIV3  ,741354544,926232883
CIV3  ,Ghislain Konan              ,Costa do Marfim    ,Grupo E,Comum,0,0,0,0,0,0,0,0,0,0,0,0,0,0,3157CIV4  ,741354544,926232883
CIV4  ,Wilfried Singo              ,Costa do Marfim    ,Grupo E,Comum,0,0,0,0,0,0,0,0,0,0,0,0,0,0,3157CIV5  ,741354544,926232883
CIV5  ,Odilon Kossounou            ,Costa do Marfim    ,Grupo E,Comum,0,0,0,0,0,0,0,0,0,0,0,0,0,0,3157CIV6  ,741354544,926232883
CIV6  ,Evan Ndicka                 ,Costa do Marfim    ,Grupo E,Comum,0,0,0,0,0,0,0,0,0,0,0,0,0,0,3157CIV7  ,741354544,926232883
CIV7  ,Willy Boly                  ,Costa do Marfim    ,Grupo E,Comum,0,0,0,0,0,0,0,0,0,0,0,0,0,0,3157CIV8  ,741354544,926232883
CIV8  ,Emmanuel Agbadou            ,Costa do Marfim    ,Grupo E,Comum,0,0,0,0,0,0,0,0,0,0,0,0,0,0,3157CIV9  ,741354544,926232883
CIV9  ,Ousmane Diomande            ,Costa do Marfim    ,Grupo E,Comum,0,0,0,0,0,0,0,0,0,0,0,0,0,0,3157CIV10 ,741354544,926232883
CIV10 ,Franck Kessie               ,Costa do Marfim    ,Grupo E,Comum,0,0,0,0,0,0,0,0,0,0,0,0,0,0,3157CIV11 ,741354544,926232883
CIV11 ,Seko Fofana                 ,Costa do Marfim    ,Grupo E,Comum,0,0,0,0,0,0,0,0,0,0,0,0,0,0,3157CIV12 ,741354544,926232883
CIV12 ,Ibrahim Sangare             ,Costa do Marfim    ,Grupo E,Comum,0,0,0,0,0,0,0,0,0,0,0,0,0,0,3157CIV13 ,741354544,926232883
CIV13 ,Foto da Equipe              ,Costa do Marfim    ,Grupo E,Comum,0,0,0,0,0,0,0,0,0,0,0,0,0,0,3157CIV14 ,741354544,926232883
CIV14 ,Jean-Philippe Gbamin        ,Costa do Marfim    ,Grupo E,Comum,0,0,0,0,0,0,0,0,0,0,0,0,0,0,3157CIV15 ,741354544,926232883
CIV15 ,Amad Diallo                 ,Costa do Marfim    ,Grupo E,Comum,0,0,0,0,0,0,0,0,0,0,0,0,0,0,3157CIV16 ,741354544,926232883
CIV16 ,Sebastien Haller            ,Costa do Marfim    ,Grupo E,Comum,0,0,0,0,0,0,0,0,0,0,0,0,0,0,3157CIV17 ,741354544,926232883
CIV17 ,Simon Adringa               ,Costa do Marfim    ,Grupo E,Comum,0,0,0,0,0,0,0,0,0,0,0,0,0,0,3157CIV18 ,741354544,926232883
CIV18 ,Yan Diomande                ,Costa do Marfim    ,Grupo E,Comum,0,0,0,0,0,0,0,0,0,0,0,0,0,0,3157CIV19 ,741354544,926232883
CIV19 ,Evann Guessand              ,Costa do Marfim    ,Grupo E,Comum,0,0,0,0,0,0,0,0,0,0,0,0,0,0,3157CIV20 ,741354544,926232883
CIV20 ,Oumar Diakite               ,Costa do Marfim    ,Grupo E,Comum,0,0,0,0,0,0,0,0,0,0,0,0,0,0,3157ECU1  ,741354544,926232883
ECU1  ,Escudo                      ,Equador            ,Grupo E,Especial,0,0,0,0,0,0,0,0,0,0,0,0,12332ECU2  ,824979500,842216242
ECU2  ,Hernan Galindez             ,Equador            ,Grupo E,Comum,0,0,0,0,0,0,0,0,0,0,0,0,0,0,3157ECU3  ,741354544,926232883
ECU3  ,Gonzalo Valle               ,Equador            ,Grupo E,Comum,0,0,0,0,0,0,0,0,0,0,0,0,0,0,3157ECU4  ,741354544,926232883
ECU4  ,Piero Hincapie              ,Equador            ,Grupo E,Comum,0,0,0,0,0,0,0,0,0,0,0,0,0,0,3157ECU5  ,741354544,926232883
ECU5  ,Pervis Estupinan            ,Equador            ,Grupo E,Comum,0,0,0,0,0,0,0,0,0,0,0,0,0,0,3157ECU6  ,741354544,926232883
ECU6  ,Willian Pacho               ,Equador            ,Grupo E,Comum,0,0,0,0,0,0,0,0,0,0,0,0,0,0,3157ECU7  ,741354544,926232883
ECU7  ,Angelo Preciado             ,Equador            ,Grupo E,Comum,0,0,0,0,0,0,0,0,0,0,0,0,0,0,3157ECU8  ,741354544,926232883
ECU8  ,Joel Ordonez                ,Equador            ,Grupo E,Comum,0,0,0,0,0,0,0,0,0,0,0,0,0,0,3157ECU9  ,741354544,926232883
ECU9  ,Moises Caicedo              ,Equador            ,Grupo E,Comum,0,0,0,0,0,0,0,0,0,0,0,0,0,0,3157ECU10 ,741354544,926232883
ECU10 ,Alan Franco                 ,Equador            ,Grupo E,Comum,0,0,0,0,0,0,0,0,0,0,0,0,0,0,3157ECU11 ,741354544,926232883
ECU11 ,Kendry Paez                 ,Equador            ,Grupo E,Comum,0,0,0,0,0,0,0,0,0,0,0,0,0,0,3157ECU12 ,741354544,926232883
ECU12 ,Pedro Vite                  ,Equador            ,Grupo E,Comum,0,0,0,0,0,0,0,0,0,0,0,0,0,0,3157ECU13 ,741354544,926232883
ECU13 ,Foto da Equipe              ,Equador            ,Grupo E,Comum,0,0,0,0,0,0,0,0,0,0,0,0,0,0,3157ECU14 ,741354544,926232883
ECU14 ,John Veboah                 ,Equador            ,Grupo E,Comum,0,0,0,0,0,0,0,0,0,0,0,0,0,0,3157ECU15 ,741354544,926232883
ECU15 ,Leonardo Campana            ,Equador            ,Grupo E,Comum,0,0,0,0,0,0,0,0,0,0,0,0,0,0,3157ECU16 ,741354544,926232883
ECU16 ,Gonzalo Plata               ,Equador            ,Grupo E,Comum,0,0,0,0,0,0,0,0,0,0,0,0,0,0,3157ECU17 ,741354544,926232883
ECU17 ,Nilson Angulo               ,Equador            ,Grupo E,Comum,0,0,0,0,0,0,0,0,0,0,0,0,0,0,3157ECU18 ,741354544,926232883
ECU18 ,Alan Minda                  ,Equador            ,Grupo E,Comum,0,0,0,0,0,0,0,0,0,0,0,0,0,0,3157ECU19 ,741354544,926232883
ECU19 ,Kevin Rodriguez             ,Equador            ,Grupo E,Comum,0,0,0,0,0,0,0,0,0,0,0,0,0,0,3157ECU20 ,741354544,926232883
ECU20 ,Enner Valencia              ,Equador            ,Grupo E,Comum,0,0,0,0,0,0,0,0,0,0,0,0,0,0,3157NED1  ,741354544,926232883
NED1  ,Escudo                      ,Holanda            ,Grupo F,Especial,0,0,0,0,0,0,0,0,0,0,0,0,12332NED2  ,824979500,842216242
NED2  ,Bart Verbruggen             ,Holanda            ,Grupo F,Comum,0,0,0,0,0,0,0,0,0,0,0,0,0,0,3157NED3  ,741354544,926232883
NED3  ,Virgil Van Dijk             ,Holanda            ,Grupo F,Comum,0,0,0,0,0,0,0,0,0,0,0,0,0,0,3157NED4  ,741354544,926232883
NED4  ,Micky van de Ven            ,Holanda            ,Grupo F,Comum,0,0,0,0,0,0,0,0,0,0,0,0,0,0,3157NED5  ,741354544,926232883
NED5  ,Jurien Timber               ,Holanda            ,Grupo F,Comum,0,0,0,0,0,0,0,0,0,0,0,0,0,0,3157NED6  ,741354544,926232883
NED6  ,Denzel Dumfries             ,Holanda            ,Grupo F,Comum,0,0,0,0,0,0,0,0,0,0,0,0,0,0,3157NED7  ,741354544,926232883
NED7  ,Nathan Ake                  ,Holanda            ,Grupo F,Comum,0,0,0,0,0,0,0,0,0,0,0,0,0,0,3157NED8  ,741354544,926232883
NED8  ,Jereme Frimpong             ,Holanda            ,Grupo F,Comum,0,0,0,0,0,0,0,0,0,0,0,0,0,0,3157NED9  ,741354544,926232883
NED9  ,Jan Paul van Hecke          ,Holanda            ,Grupo F,Comum,0,0,0,0,0,0,0,0,0,0,0,0,0,0,3157NED10 ,741354544,926232883
NED10 ,Tijjani Reijnders           ,Holanda            ,Grupo F,Comum,0,0,0,0,0,0,0,0,0,0,0,0,0,0,3157NED11 ,741354544,926232883
NED11 ,Ryan Gravenberch            ,Holanda            ,Grupo F,Comum,0,0,0,0,0,0,0,0,0,0,0,0,0,0,3157NED12 ,741354544,926232883
NED12 ,Teun Koopmeiners            ,Holanda            ,Grupo F,Comum,0,0,0,0,0,0,0,0,0,0,0,0,0,0,3157NED13 ,741354544,926232883
NED13 ,Foto da Equipe              ,Holanda            ,Grupo F,Comum,0,0,0,0,0,0,0,0,0,0,0,0,0,0,3157NED14 ,741354544,926232883
NED14 ,Frenkie de Jong             ,Holanda            ,Grupo F,Comum,0,0,0,0,0,0,0,0,0,0,0,0,0,0,3157NED15 ,741354544,926232883
NED15 ,Xavi Simons                 ,Holanda            ,Grupo F,Comum,0,0,0,0,0,0,0,0,0,0,0,0,0,0,3157NED16 ,741354544,926232883
NED16 ,Justin Kluivert             ,Holanda            ,Grupo F,Comum,0,0,0,0,0,0,0,0,0,0,0,0,0,0,3157NED17 ,741354544,926232883
NED17 ,Memphis Depay               ,Holanda            ,Grupo F,Comum,0,0,0,0,0,0,0,0,0,0,0,0,0,0,3157NED18 ,741354544,926232883
NED18 ,Donyell Malen               ,Holanda            ,Grupo F,Comum,0,0,0,0,0,0,0,0,0,0,0,0,0,0,3157NED19 ,741354544,926232883
NED19 ,Wout Weghorst               ,Holanda            ,Grupo F,Comum,0,0,0,0,0,0,0,0,0,0,0,0,0,0,3157NED20 ,741354544,926232883
NED20 ,Cody Gakpo                  ,Holanda            ,Grupo F,Comum,0,0,0,0,0,0,0,0,0,0,0,0,0,0,3157JPN1  ,741354544,926232883
JPN1  ,Escudo                      ,Japao              ,Grupo F,Especial,0,0,0,0,0,0,0,0,0,0,0,0,12332JPN2  ,824979500,842216242
JPN2  ,Zion Suzuki                 ,Japao              ,Grupo F,Comum,0,0,0,0,0,0,0,0,0,0,0,0,0,0,3157JPN3  ,741354544,926232883
JPN3  ,Henry Heroki Mochizuki      ,Japao              ,Grupo F,Comum,0,0,0,0,0,0,0,0,0,0,0,0,0,0,3157JPN4  ,741354544,926232883
JPN4  ,Ayumu Seko                  ,Japao              ,Grupo F,Comum,0,0,0,0,0,0,0,0,0,0,0,0,0,0,3157JPN5  ,741354544,926232883
JPN5  ,Junnosuke Suzuki            ,Japao              ,Grupo F,Comum,0,0,0,0,0,0,0,0,0,0,0,0,0,0,3157JPN6  ,741354544,926232883
JPN6  ,Shogo Taniguchi             ,Japao              ,Grupo F,Comum,0,0,0,0,0,0,0,0,0,0,0,0,0,0,3157JPN7  ,741354544,926232883
JPN7  ,Tsuyoshi Watanabe           ,Japao              ,Grupo F,Comum,0,0,0,0,0,0,0,0,0,0,0,0,0,0,3157JPN8  ,741354544,926232883
JPN8  ,Kaishu Sano                 ,Japao              ,Grupo F,Comum,0,0,0,0,0,0,0,0,0,0,0,0,0,0,3157JPN9  ,741354544,926232883
JPN9  ,Yuki Soma                   ,Japao              ,Grupo F,Comum,0,0,0,0,0,0,0,0,0,0,0,0,0,0,3157JPN10 ,741354544,926232883
JPN10 ,Ao Tanaka                   ,Japao              ,Grupo F,Comum,0,0,0,0,0,0,0,0,0,0,0,0,0,0,3157JPN11 ,741354544,926232883
JPN11 ,Daichi Kamada               ,Japao              ,Grupo F,Comum,0,0,0,0,0,0,0,0,0,0,0,0,0,0,3157JPN12 ,741354544,926232883
JPN12 ,Takefusa Kubo               ,Japao              ,Grupo F,Comum,0,0,0,0,0,0,0,0,0,0,0,0,0,0,3157JPN13 ,741354544,926232883
JPN13 ,Foto da Equipe              ,Japao              ,Grupo F,Comum,0,0,0,0,0,0,0,0,0,0,0,0,0,0,3157JPN14 ,741354544,926232883
JPN14 ,Ritsu Doan                  ,Japao              ,Grupo F,Comum,0,0,0,0,0,0,0,0,0,0,0,0,0,0,3157JPN15 ,741354544,926232883
JPN15 ,Keito Nakamura              ,Japao              ,Grupo F,Comum,0,0,0,0,0,0,0,0,0,0,0,0,0,0,3157JPN16 ,741354544,926232883
JPN16 ,Takumi Minamino             ,Japao              ,Grupo F,Comum,0,0,0,0,0,0,0,0,0,0,0,0,0,0,3157JPN17 ,741354544,926232883
JPN17 ,Shuto Machino               ,Japao              ,Grupo F,Comum,0,0,0,0,0,0,0,0,0,0,0,0,0,0,3157JPN18 ,741354544,926232883
JPN18 ,Junya Ito                   ,Japao              ,Grupo F,Comum,0,0,0,0,0,0,0,0,0,0,0,0,0,0,3157JPN19 ,741354544,926232883
JPN19 ,Koki Ogawa                  ,Japao              ,Grupo F,Comum,0,0,0,0,0,0,0,0,0,0,0,0,0,0,3157JPN20 ,741354544,926232883
JPN20 ,Ayase Ueda                  ,Japao              ,Grupo F,Comum,0,0,0,0,0,0,0,0,0,0,0,0,0,0,3157SWE1  ,741354544,926232883
SWE1  ,Escudo                      ,Suecia             ,Grupo F,Especial,0,0,0,0,0,0,0,0,0,0,0,0,12332SWE2  ,824979500,842216242
SWE2  ,Victor Johansson            ,Suecia             ,Grupo F,Comum,0,0,0,0,0,0,0,0,0,0,0,0,0,0,3157SWE3  ,741354544,926232883
SWE3  ,Isak Hien                   ,Suecia             ,Grupo F,Comum,0,0,0,0,0,0,0,0,0,0,0,0,0,0,3157SWE4  ,741354544,926232883
SWE4  ,Gabriel Gudmundsson         ,Suecia             ,Grupo F,Comum,0,0,0,0,0,0,0,0,0,0,0,0,0,0,3157SWE5  ,741354544,926232883
SWE5  ,Emil Holm                   ,Suecia             ,Grupo F,Comum,0,0,0,0,0,0,0,0,0,0,0,0,0,0,3157SWE6  ,741354544,926232883
SWE6  ,Victor Nilsson Lindelof     ,Suecia             ,Grupo F,Comum,0,0,0,0,0,0,0,0,0,0,0,0,0,0,3157SWE7  ,741354544,926232883
SWE7  ,Gustaf Lagerbielke          ,Suecia             ,Grupo F,Comum,0,0,0,0,0,0,0,0,0,0,0,0,0,0,3157SWE8  ,741354544,926232883
SWE8  ,Lucas Bergvall              ,Suecia             ,Grupo F,Comum,0,0,0,0,0,0,0,0,0,0,0,0,0,0,3157SWE9  ,741354544,926232883
SWE9  ,Hugo Larsson                ,Suecia             ,Grupo F,Comum,0,0,0,0,0,0,0,0,0,0,0,0,0,0,3157SWE10 ,741354544,926232883
SWE10 ,Jesper Karlstrom            ,Suecia             ,Grupo F,Comum,0,0,0,0,0,0,0,0,0,0,0,0,0,0,3157SWE11 ,741354544,926232883
SWE11 ,Yasin Ayari                 ,Suecia             ,Grupo F,Comum,0,0,0,0,0,0,0,0,0,0,0,0,0,0,3157SWE12 ,741354544,926232883
SWE12 ,Mattias Svanberg            ,Suecia             ,Grupo F,Comum,0,0,0,0,0,0,0,0,0,0,0,0,0,0,3157SWE13 ,741354544,926232883
SWE13 ,Foto da Equipe              ,Suecia             ,Grupo F,Comum,0,0,0,0,0,0,0,0,0,0,0,0,0,0,3157SWE14 ,741354544,926232883
SWE14 ,Daniel Svensson             ,Suecia             ,Grupo F,Comum,0,0,0,0,0,0,0,0,0,0,0,0,0,0,3157SWE15 ,741354544,926232883
SWE15 ,Ken Sema                    ,Suecia             ,Grupo F,Comum,0,0,0,0,0,0,0,0,0,0,0,0,0,0,3157SWE16 ,741354544,926232883
SWE16 ,Roony Bardghji              ,Suecia             ,Grupo F,Comum,0,0,0,0,0,0,0,0,0,0,0,0,0,0,3157SWE17 ,741354544,926232883
SWE17 ,Dejan Kulusevski            ,Suecia             ,Grupo F,Comum,0,0,0,0,0,0,0,0,0,0,0,0,0,0,3157SWE18 ,741354544,926232883
SWE18 ,Anthony Elanga              ,Suecia             ,Grupo F,Comum,0,0,0,0,0,0,0,0,0,0,0,0,0,0,3157SWE19 ,741354544,926232883
SWE19 ,Alexander Isak              ,Suecia             ,Grupo F,Comum,0,0,0,0,0,0,0,0,0,0,0,0,0,0,3157SWE20 ,741354544,926232883
SWE20 ,Viktor Gyokeres             ,Suecia             ,Grupo F,Comum,0,0,0,0,0,0,0,0,0,0,0,0,0,0,3157TUN1  ,741354544,926232883
TUN1  ,Escudo                      ,Tunisia            ,Grupo F,Especial,0,0,0,0,0,0,0,0,0,0,0,0,12332TUN2  ,824979500,842216242
TUN2  ,Bechir Ben Said             ,Tunisia            ,Grupo F,Comum,0,0,0,0,0,0,0,0,0,0,0,0,0,0,3157TUN3  ,741354544,926232883
TUN3  ,Aymen Dahmen                ,Tunisia            ,Grupo F,Comum,0,0,0,0,0,0,0,0,0,0,0,0,0,0,3157TUN4  ,741354544,926232883
TUN4  ,Van Valery                  ,Tunisia            ,Grupo F,Comum,0,0,0,0,0,0,0,0,0,0,0,0,0,0,3157TUN5  ,741354544,926232883
TUN5  ,Montassar Talbi             ,Tunisia            ,Grupo F,Comum,0,0,0,0,0,0,0,0,0,0,0,0,0,0,3157TUN6  ,741354544,926232883
TUN6  ,Yassine Meriah              ,Tunisia            ,Grupo F,Comum,0,0,0,0,0,0,0,0,0,0,0,0,0,0,3157TUN7  ,741354544,926232883
TUN7  ,Ali Abdi                    ,Tunisia            ,Grupo F,Comum,0,0,0,0,0,0,0,0,0,0,0,0,0,0,3157TUN8  ,741354544,926232883
TUN8  ,Dylan Bronn                 ,Tunisia            ,Grupo F,Comum,0,0,0,0,0,0,0,0,0,0,0,0,0,0,3157TUN9  ,741354544,926232883
TUN9  ,Ellyes Skhiri               ,Tunisia            ,Grupo F,Comum,0,0,0,0,0,0,0,0,0,0,0,0,0,0,3157TUN10 ,741354544,926232883
TUN10 ,Aissa Laidouni              ,Tunisia            ,Grupo F,Comum,0,0,0,0,0,0,0,0,0,0,0,0,0,0,3157TUN11 ,741354544,926232883
TUN11 ,Ferjani Sassi               ,Tunisia            ,Grupo F,Comum,0,0,0,0,0,0,0,0,0,0,0,0,0,0,3157TUN12 ,741354544,926232883
TUN12 ,Mohamed Ali Ben Romdhane    ,Tunisia            ,Grupo F,Comum,0,0,0,0,0,0,0,0,0,0,0,0,0,0,3157TUN13 ,741354544,926232883
TUN13 ,Foto da Equipe              ,Tunisia            ,Grupo F,Comum,0,0,0,0,0,0,0,0,0,0,0,0,0,0,3157TUN14 ,741354544,926232883
TUN14 ,Hannibal Mejbri             ,Tunisia            ,Grupo F,Comum,0,0,0,0,0,0,0,0,0,0,0,0,0,0,3157TUN15 ,741354544,926232883
TUN15 ,Elias Achouri               ,Tunisia            ,Grupo F,Comum,0,0,0,0,0,0,0,0,0,0,0,0,0,0,3157TUN16 ,741354544,926232883
TUN16 ,Elias Saad                  ,Tunisia            ,Grupo F,Comum,0,0,0,0,0,0,0,0,0,0,0,0,0,0,3157TUN17 ,741354544,926232883
TUN17 ,Hazem Mastouri              ,Tunisia            ,Grupo F,Comum,0,0,0,0,0,0,0,0,0,0,0,0,0,0,3157TUN18 ,741354544,926232883
TUN18 ,Ismael Gharbi               ,Tunisia            ,Grupo F,Comum,0,0,0,0,0,0,0,0,0,0,0,0,0,0,3157TUN19 ,741354544,926232883
TUN19 ,Sayfallah Ltaief            ,Tunisia            ,Grupo F,Comum,0,0,0,0,0,0,0,0,0,0,0,0,0,0,3157TUN20 ,741354544,926232883
TUN20 ,Naim Sliti                  ,Tunisia            ,Grupo F,Comum,0,0,0,0,0,0,0,0,0,0,0,0,0,0,3157BEL1  ,741354544,926232883
BEL1  ,Escudo                      ,Belgica            ,Grupo G,Especial,0,0,0,0,0,0,0,0,0,0,0,0,12332BEL2  ,824979500,842216242
BEL2  ,Thibaut Courtois            ,Belgica            ,Grupo G,Comum,0,0,0,0,0,0,0,0,0,0,0,0,0,0,3157BEL3  ,741354544,926232883
BEL3  ,Arthur Theate               ,Belgica            ,Grupo G,Comum,0,0,0,0,0,0,0,0,0,0,0,0,0,0,3157BEL4  ,741354544,926232883
BEL4  ,Timothy Castagne            ,Belgica            ,Grupo G,Comum,0,0,0,0,0,0,0,0,0,0,0,0,0,0,3157BEL5  ,741354544,926232883
BEL5  ,Zeno Debast                 ,Belgica            ,Grupo G,Comum,0,0,0,0,0,0,0,0,0,0,0,0,0,0,3157BEL6  ,741354544,926232883
BEL6  ,Brandon Mechele             ,Belgica            ,Grupo G,Comum,0,0,0,0,0,0,0,0,0,0,0,0,0,0,3157BEL7  ,741354544,926232883
BEL7  ,Maxim De Cuyper             ,Belgica            ,Grupo G,Comum,0,0,0,0,0,0,0,0,0,0,0,0,0,0,3157BEL8  ,741354544,926232883
BEL8  ,Thomas Meunier              ,Belgica            ,Grupo G,Comum,0,0,0,0,0,0,0,0,0,0,0,0,0,0,3157BEL9  ,741354544,926232883
BEL9  ,Youri Tieleman              ,Belgica            ,Grupo G,Comum,0,0,0,0,0,0,0,0,0,0,0,0,0,0,3157BEL10 ,741354544,926232883
BEL10 ,Amadou Onana                ,Belgica            ,Grupo G,Comum,0,0,0,0,0,0,0,0,0,0,0,0,0,0,3157BEL11 ,741354544,926232883
BEL11 ,Nicolas Raskin              ,Belgica            ,Grupo G,Comum,0,0,0,0,0,0,0,0,0,0,0,0,0,0,3157BEL12 ,741354544,926232883
BEL12 ,Alexis Saelemaekers         ,Belgica            ,Grupo G,Comum,0,0,0,0,0,0,0,0,0,0,0,0,0,0,3157BEL13 ,741354544,926232883
BEL13 ,Foto da Equipe              ,Belgica            ,Grupo G,Comum,0,0,0,0,0,0,0,0,0,0,0,0,0,0,3157BEL14 ,741354544,926232883
BEL14 ,Hans Vanaken                ,Belgica            ,Grupo G,Comum,0,0,0,0,0,0,0,0,0,0,0,0,0,0,3157BEL15 ,741354544,926232883
BEL15 ,Kevin De Bruyne             ,Belgica            ,Grupo G,Comum,0,0,0,0,0,0,0,0,0,0,0,0,0,0,3157BEL16 ,741354544,926232883
BEL16 ,Jeremy Doku                 ,Belgica            ,Grupo G,Comum,0,0,0,0,0,0,0,0,0,0,0,0,0,0,3157BEL17 ,741354544,926232883
BEL17 ,Charles De Ketelaere        ,Belgica            ,Grupo G,Comum,0,0,0,0,0,0,0,0,0,0,0,0,0,0,3157BEL18 ,741354544,926232883
BEL18 ,Leandro Trossard            ,Belgica            ,Grupo G,Comum,0,0,0,0,0,0,0,0,0,0,0,0,0,0,3157BEL19 ,741354544,926232883
BEL19 ,Lois Openda                 ,Belgica            ,Grupo G,Comum,0,0,0,0,0,0,0,0,0,0,0,0,0,0,3157BEL20 ,741354544,926232883
BEL20 ,Romelu Lukaku               ,Belgica            ,Grupo G,Comum,0,0,0,0,0,0,0,0,0,0,0,0,0,0,3157EGY1  ,741354544,926232883
EGY1  ,Escudo                      ,Egito              ,Grupo G,Especial,0,0,0,0,0,0,0,0,0,0,0,0,12332EGY2  ,824979500,842216242
EGY2  ,Mohamed El Shenawy          ,Egito              ,Grupo G,Comum,0,0,0,0,0,0,0,0,0,0,0,0,0,0,3157EGY3  ,741354544,926232883
EGY3  ,Mohamed Hany                ,Egito              ,Grupo G,Comum,0,0,0,0,0,0,0,0,0,0,0,0,0,0,3157EGY4  ,741354544,926232883
EGY4  ,Mohamed Hamdy               ,Egito              ,Grupo G,Comum,0,0,0,0,0,0,0,0,0,0,0,0,0,0,3157EGY5  ,741354544,926232883
EGY5  ,Yasser Ibrahim              ,Egito              ,Grupo G,Comum,0,0,0,0,0,0,0,0,0,0,0,0,0,0,3157EGY6  ,741354544,926232883
EGY6  ,Khaled Sobhi                ,Egito              ,Grupo G,Comum,0,0,0,0,0,0,0,0,0,0,0,0,0,0,3157EGY7  ,741354544,926232883
EGY7  ,Ramy Rabia                  ,Egito              ,Grupo G,Comum,0,0,0,0,0,0,0,0,0,0,0,0,0,0,3157EGY8  ,741354544,926232883
EGY8  ,Hossam Abdelmaguid          ,Egito              ,Grupo G,Comum,0,0,0,0,0,0,0,0,0,0,0,0,0,0,3157EGY9  ,741354544,926232883
EGY9  ,Ahmed Fatouh                ,Egito              ,Grupo G,Comum,0,0,0,0,0,0,0,0,0,0,0,0,0,0,3157EGY10 ,741354544,926232883
EGY10 ,Marwan Attia                ,Egito              ,Grupo G,Comum,0,0,0,0,0,0,0,0,0,0,0,0,0,0,3157EGY11 ,741354544,926232883
EGY11 ,Zizo                        ,Egito              ,Grupo G,Comum,0,0,0,0,0,0,0,0,0,0,0,0,0,0,3157EGY12 ,741354544,926232883
EGY12 ,Hamdy Fathy                 ,Egito              ,Grupo G,Comum,0,0,0,0,0,0,0,0,0,0,0,0,0,0,3157EGY13 ,741354544,926232883
EGY13 ,Foto da Equipe              ,Egito              ,Grupo G,Comum,0,0,0,0,0,0,0,0,0,0,0,0,0,0,3157EGY14 ,741354544,926232883
EGY14 ,Mohamed Lasheen             ,Egito              ,Grupo G,Comum,0,0,0,0,0,0,0,0,0,0,0,0,0,0,3157EGY15 ,741354544,926232883
EGY15 ,Emam Ashour                 ,Egito              ,Grupo G,Comum,0,0,0,0,0,0,0,0,0,0,0,0,0,0,3157EGY16 ,741354544,926232883
EGY16 ,Osama Faisal                ,Egito              ,Grupo G,Comum,0,0,0,0,0,0,0,0,0,0,0,0,0,0,3157EGY17 ,741354544,926232883
EGY17 ,Mohamed Salah               ,Egito              ,Grupo G,Comum,0,0,0,0,0,0,0,0,0,0,0,0,0,0,3157EGY18 ,741354544,926232883
EGY18 ,Mostafa Mohamed             ,Egito              ,Grupo G,Comum,0,0,0,0,0,0,0,0,0,0,0,0,0,0,3157EGY19 ,741354544,926232883
EGY19 ,Trezeguet                   ,Egito              ,Grupo G,Comum,0,0,0,0,0,0,0,0,0,0,0,0,0,0,3157EGY20 ,741354544,926232883
EGY20 ,Omar Marsmoush              ,Egito              ,Grupo G,Comum,0,0,0,0,0,0,0,0,0,0,0,0,0,0,3157IRN1  ,741354544,926232883
IRN1  ,Escudo                      ,Ira                ,Grupo G,Especial,0,0,0,0,0,0,0,0,0,0,0,0,12332IRN2  ,824979500,842216242
IRN2  ,Alirez Beiranvand           ,Ira                ,Grupo G,Comum,0,0,0,0,0,0,0,0,0,0,0,0,0,0,3157IRN3  ,741354544,926232883
IRN3  ,Morteza Pouraliganji        ,Ira                ,Grupo G,Comum,0,0,0,0,0,0,0,0,0,0,0,0,0,0,3157IRN4  ,741354544,926232883
IRN4  ,Ehsan Hajsafi               ,Ira                ,Grupo G,Comum,0,0,0,0,0,0,0,0,0,0,0,0,0,0,3157IRN5  ,741354544,926232883
IRN5  ,Milad Mohammadi             ,Ira                ,Grupo G,Comum,0,0,0,0,0,0,0,0,0,0,0,0,0,0,3157IRN6  ,741354544,926232883
IRN6  ,Shojae Khalilzadeh          ,Ira                ,Grupo G,Comum,0,0,0,0,0,0,0,0,0,0,0,0,0,0,3157IRN7  ,741354544,926232883
IRN7  ,Ramin Rezaeian              ,Ira                ,Grupo G,Comum,0,0,0,0,0,0,0,0,0,0,0,0,0,0,3157IRN8  ,741354544,926232883
IRN8  ,Hossein Kanaani             ,Ira                ,Grupo G,Comum,0,0,0,0,0,0,0,0,0,0,0,0,0,0,3157IRN9  ,741354544,926232883
IRN9  ,Sadegh Moharrami            ,Ira                ,Grupo G,Comum,0,0,0,0,0,0,0,0,0,0,0,0,0,0,3157IRN10 ,741354544,926232883
IRN10 ,Saleh Hardani               ,Ira                ,Grupo G,Comum,0,0,0,0,0,0,0,0,0,0,0,0,0,0,3157IRN11 ,741354544,926232883
IRN11 ,Saeed Ezatolahi             ,Ira                ,Grupo G,Comum,0,0,0,0,0,0,0,0,0,0,0,0,0,0,3157IRN12 ,741354544,926232883
IRN12 ,Saman Ghoddos               ,Ira                ,Grupo G,Comum,0,0,0,0,0,0,0,0,0,0,0,0,0,0,3157IRN13 ,741354544,926232883
IRN13 ,Foto da Equipe              ,Ira                ,Grupo G,Comum,0,0,0,0,0,0,0,0,0,0,0,0,0,0,3157IRN14 ,741354544,926232883
IRN14 ,Omid Noorafkan              ,Ira                ,Grupo G,Comum,0,0,0,0,0,0,0,0,0,0,0,0,0,0,3157IRN15 ,741354544,926232883
IRN15 ,Roozbeh Cheshmi             ,Ira                ,Grupo G,Comum,0,0,0,0,0,0,0,0,0,0,0,0,0,0,3157IRN16 ,741354544,926232883
IRN16 ,Mohammad Mohebi             ,Ira                ,Grupo G,Comum,0,0,0,0,0,0,0,0,0,0,0,0,0,0,3157IRN17 ,741354544,926232883
IRN17 ,Sardar Azmoun               ,Ira                ,Grupo G,Comum,0,0,0,0,0,0,0,0,0,0,0,0,0,0,3157IRN18 ,741354544,926232883
IRN18 ,Mehdi Taremi                ,Ira                ,Grupo G,Comum,0,0,0,0,0,0,0,0,0,0,0,0,0,0,3157IRN19 ,741354544,926232883
IRN19 ,Alireza Jahanbakhsh         ,Ira                ,Grupo G,Comum,0,0,0,0,0,0,0,0,0,0,0,0,0,0,3157IRN20 ,741354544,926232883
IRN20 ,Ali Gholizadeh              ,Ira                ,Grupo G,Comum,0,0,0,0,0,0,0,0,0,0,0,0,0,0,3157NZL1  ,741354544,926232883
NZL1  ,Escudo                      ,Nova Zelandia      ,Grupo G,Especial,0,0,0,0,0,0,0,0,0,0,0,0,12332NZL2  ,824979500,842216242
NZL2  ,Max Crocombe Payne          ,Nova Zelandia      ,Grupo G,Comum,0,0,0,0,0,0,0,0,0,0,0,0,0,0,3157NZL3  ,741354544,926232883
NZL3  ,Alex Paulsen                ,Nova Zelandia      ,Grupo G,Comum,0,0,0,0,0,0,0,0,0,0,0,0,0,0,3157NZL4  ,741354544,926232883
NZL4  ,Michael Boxall              ,Nova Zelandia      ,Grupo G,Comum,0,0,0,0,0,0,0,0,0,0,0,0,0,0,3157NZL5  ,741354544,926232883
NZL5  ,Liberato Cacace             ,Nova Zelandia      ,Grupo G,Comum,0,0,0,0,0,0,0,0,0,0,0,0,0,0,3157NZL6  ,741354544,926232883
NZL6  ,Tim Payne                   ,Nova Zelandia      ,Grupo G,Comum,0,0,0,0,0,0,0,0,0,0,0,0,0,0,3157NZL7  ,741354544,926232883
NZL7  ,Tyler Bindon                ,Nova Zelandia      ,Grupo G,Comum,0,0,0,0,0,0,0,0,0,0,0,0,0,0,3157NZL8  ,741354544,926232883
NZL8  ,Francis de Vries            ,Nova Zelandia      ,Grupo G,Comum,0,0,0,0,0,0,0,0,0,0,0,0,0,0,3157NZL9  ,741354544,926232883
NZL9  ,Finn Surman                 ,Nova Zelandia      ,Grupo G,Comum,0,0,0,0,0,0,0,0,0,0,0,0,0,0,3157NZL10 ,741354544,926232883
NZL10 ,Joe Bell                    ,Nova Zelandia      ,Grupo G,Comum,0,0,0,0,0,0,0,0,0,0,0,0,0,0,3157NZL11 ,741354544,926232883
NZL11 ,Sarpreet Singh              ,Nova Zelandia      ,Grupo G,Comum,0,0,0,0,0,0,0,0,0,0,0,0,0,0,3157NZL12 ,741354544,926232883
NZL12 ,Ryan Thomas                 ,Nova Zelandia      ,Grupo G,Comum,0,0,0,0,0,0,0,0,0,0,0,0,0,0,3157NZL13 ,741354544,926232883
NZL13 ,Foto da Equipe              ,Nova Zelandia      ,Grupo G,Comum,0,0,0,0,0,0,0,0,0,0,0,0,0,0,3157NZL14 ,741354544,926232883
NZL14 ,Matthew Garbett             ,Nova Zelandia      ,Grupo G,Comum,0,0,0,0,0,0,0,0,0,0,0,0,0,0,3157NZL15 ,741354544,926232883
NZL15 ,Marko Stamenic              ,Nova Zelandia      ,Grupo G,Comum,0,0,0,0,0,0,0,0,0,0,0,0,0,0,3157NZL16 ,741354544,926232883
NZL16 ,Ben Old                     ,Nova Zelandia      ,Grupo G,Comum,0,0,0,0,0,0,0,0,0,0,0,0,0,0,3157NZL17 ,741354544,926232883
NZL17 ,Chris Wood                  ,Nova Zelandia      ,Grupo G,Comum,0,0,0,0,0,0,0,0,0,0,0,0,0,0,3157NZL18 ,741354544,926232883
NZL18 ,Elijah Just                 ,Nova Zelandia      ,Grupo G,Comum,0,0,0,0,0,0,0,0,0,0,0,0,0,0,3157NZL19 ,741354544,926232883
NZL19 ,Callum McCowatt             ,Nova Zelandia      ,Grupo G,Comum,0,0,0,0,0,0,0,0,0,0,0,0,0,0,3157NZL20 ,741354544,926232883
NZL20 ,Kosta Barbarouses           ,Nova Zelandia      ,Grupo G,Comum,0,0,0,0,0,0,0,0,0,0,0,0,0,0,3157ESP1  ,741354544,926232883
ESP1  ,Escudo                      ,Espanha            ,Grupo H,Especial,0,0,0,0,0,0,0,0,0,0,0,0,12332ESP2  ,824979500,842216242
ESP2  ,Unai Simon                  ,Espanha            ,Grupo H,Comum,0,0,0,0,0,0,0,0,0,0,0,0,0,0,3157ESP3  ,741354544,926232883
ESP3  ,Robin Le Normand            ,Espanha            ,Grupo H,Comum,0,0,0,0,0,0,0,0,0,0,0,0,0,0,3157ESP4  ,741354544,926232883
ESP4  ,Aymeric Laporte             ,Espanha            ,Grupo H,Comum,0,0,0,0,0,0,0,0,0,0,0,0,0,0,3157ESP5  ,741354544,926232883
ESP5  ,Dean Huijsen                ,Espanha            ,Grupo H,Comum,0,0,0,0,0,0,0,0,0,0,0,0,0,0,3157ESP6  ,741354544,926232883
ESP6  ,Pedro Porro                 ,Espanha            ,Grupo H,Comum,0,0,0,0,0,0,0,0,0,0,0,0,0,0,3157ESP7  ,741354544,926232883
ESP7  ,Dani Carvajal               ,Espanha            ,Grupo H,Comum,0,0,0,0,0,0,0,0,0,0,0,0,0,0,3157ESP8  ,741354544,926232883
ESP8  ,Marc Cucurella              ,Espanha            ,Grupo H,Comum,0,0,0,0,0,0,0,0,0,0,0,0,0,0,3157ESP9  ,741354544,926232883
ESP9  ,Martin Zubimendi            ,Espanha            ,Grupo H,Comum,0,0,0,0,0,0,0,0,0,0,0,0,0,0,3157ESP10 ,741354544,926232883
ESP10 ,Rodri                       ,Espanha            ,Grupo H,Comum,0,0,0,0,0,0,0,0,0,0,0,0,0,0,3157ESP11 ,741354544,926232883
ESP11 ,Pedri                       ,Espanha            ,Grupo H,Comum,0,0,0,0,0,0,0,0,0,0,0,0,0,0,3157ESP12 ,741354544,926232883
ESP12 ,Fabian Ruiz                 ,Espanha            ,Grupo H,Comum,0,0,0,0,0,0,0,0,0,0,0,0,0,0,3157ESP13 ,741354544,926232883
ESP13 ,Foto da Equipe              ,Espanha            ,Grupo H,Comum,0,0,0,0,0,0,0,0,0,0,0,0,0,0,3157ESP14 ,741354544,926232883
ESP14 ,Mikel Merino                ,Espanha            ,Grupo H,Comum,0,0,0,0,0,0,0,0,0,0,0,0,0,0,3157ESP15 ,741354544,926232883
ESP15 ,Lamine Yamal                ,Espanha            ,Grupo H,Comum,0,0,0,0,0,0,0,0,0,0,0,0,0,0,3157ESP16 ,741354544,926232883
ESP16 ,Dani Olmo                   ,Espanha            ,Grupo H,Comum,0,0,0,0,0,0,0,0,0,0,0,0,0,0,3157ESP17 ,741354544,926232883
ESP17 ,Nico Williams               ,Espanha            ,Grupo H,Comum,0,0,0,0,0,0,0,0,0,0,0,0,0,0,3157ESP18 ,741354544,926232883
ESP18 ,Ferran Torres               ,Espanha            ,Grupo H,Comum,0,0,0,0,0,0,0,0,0,0,0,0,0,0,3157ESP19 ,741354544,926232883
ESP19 ,Alvaro Morata               ,Espanha            ,Grupo H,Comum,0,0,0,0,0,0,0,0,0,0,0,0,0,0,3157ESP20 ,741354544,926232883
ESP20 ,Mikel Oyarzabal             ,Espanha            ,Grupo H,Comum,0,0,0,0,0,0,0,0,0,0,0,0,0,0,3157CPV1  ,741354544,926232883
CPV1  ,Escudo                      ,Cabo Verde         ,Grupo H,Especial,0,0,0,0,0,0,0,0,0,0,0,0,12332CPV2  ,824979500,842216242
CPV2  ,Vozinha                     ,Cabo Verde         ,Grupo H,Comum,0,0,0,0,0,0,0,0,0,0,0,0,0,0,3157CPV3  ,741354544,926232883
CPV3  ,Logan Costa                 ,Cabo Verde         ,Grupo H,Comum,0,0,0,0,0,0,0,0,0,0,0,0,0,0,3157CPV4  ,741354544,926232883
CPV4  ,Pico                        ,Cabo Verde         ,Grupo H,Comum,0,0,0,0,0,0,0,0,0,0,0,0,0,0,3157CPV5  ,741354544,926232883
CPV5  ,Diney                       ,Cabo Verde         ,Grupo H,Comum,0,0,0,0,0,0,0,0,0,0,0,0,0,0,3157CPV6  ,741354544,926232883
CPV6  ,Steven Moreira              ,Cabo Verde         ,Grupo H,Comum,0,0,0,0,0,0,0,0,0,0,0,0,0,0,3157CPV7  ,741354544,926232883
CPV7  ,Wagner Pina                 ,Cabo Verde         ,Grupo H,Comum,0,0,0,0,0,0,0,0,0,0,0,0,0,0,3157CPV8  ,741354544,926232883
CPV8  ,Joao Paulo                  ,Cabo Verde         ,Grupo H,Comum,0,0,0,0,0,0,0,0,0,0,0,0,0,0,3157CPV9  ,741354544,926232883
CPV9  ,Yannick Semedo              ,Cabo Verde         ,Grupo H,Comum,0,0,0,0,0,0,0,0,0,0,0,0,0,0,3157CPV10 ,741354544,926232883
CPV10 ,Kevin Pina                  ,Cabo Verde         ,Grupo H,Comum,0,0,0,0,0,0,0,0,0,0,0,0,0,0,3157CPV11 ,741354544,926232883
CPV11 ,Patrick Andrade             ,Cabo Verde         ,Grupo H,Comum,0,0,0,0,0,0,0,0,0,0,0,0,0,0,3157CPV12 ,741354544,926232883
CPV12 ,Jamiro Monteiro             ,Cabo Verde         ,Grupo H,Comum,0,0,0,0,0,0,0,0,0,0,0,0,0,0,3157CPV13 ,741354544,926232883
CPV13 ,Foto da Equipe              ,Cabo Verde         ,Grupo H,Comum,0,0,0,0,0,0,0,0,0,0,0,0,0,0,3157CPV14 ,741354544,926232883
CPV14 ,Deroy Duarte                ,Cabo Verde         ,Grupo H,Comum,0,0,0,0,0,0,0,0,0,0,0,0,0,0,3157CPV15 ,741354544,926232883
CPV15 ,Garry Rodrigues             ,Cabo Verde         ,Grupo H,Comum,0,0,0,0,0,0,0,0,0,0,0,0,0,0,3157CPV16 ,741354544,926232883
CPV16 ,Jovane Cabral               ,Cabo Verde         ,Grupo H,Comum,0,0,0,0,0,0,0,0,0,0,0,0,0,0,3157CPV17 ,741354544,926232883
CPV17 ,Ryan Mendes                 ,Cabo Verde         ,Grupo H,Comum,0,0,0,0,0,0,0,0,0,0,0,0,0,0,3157CPV18 ,741354544,926232883
CPV18 ,Dailon Livramento           ,Cabo Verde         ,Grupo H,Comum,0,0,0,0,0,0,0,0,0,0,0,0,0,0,3157CPV19 ,741354544,926232883
CPV19 ,Willy Semedo                ,Cabo Verde         ,Grupo H,Comum,0,0,0,0,0,0,0,0,0,0,0,0,0,0,3157CPV20 ,741354544,926232883
CPV20 ,Bebe                        ,Cabo Verde         ,Grupo H,Comum,0,0,0,0,0,0,0,0,0,0,0,0,0,0,3157KSA1  ,741354544,926232883
KSA1  ,Escudo                      ,Arabia Saudita     ,Grupo H,Especial,0,0,0,0,0,0,0,0,0,0,0,0,12332KSA2  ,824979500,842216242
KSA2  ,Nawaf Alaqidi               ,Arabia Saudita     ,Grupo H,Comum,0,0,0,0,0,0,0,0,0,0,0,0,0,0,3157KSA3  ,741354544,926232883
KSA3  ,Abdulrahman Al-Sanbi        ,Arabia Saudita     ,Grupo H,Comum,0,0,0,0,0,0,0,0,0,0,0,0,0,0,3157KSA4  ,741354544,926232883
KSA4  ,Saud Abdulhamid             ,Arabia Saudita     ,Grupo H,Comum,0,0,0,0,0,0,0,0,0,0,0,0,0,0,3157KSA5  ,741354544,926232883
KSA5  ,Nawaf Bouwashl              ,Arabia Saudita     ,Grupo H,Comum,0,0,0,0,0,0,0,0,0,0,0,0,0,0,3157KSA6  ,741354544,926232883
KSA6  ,Jihad Thakri                ,Arabia Saudita     ,Grupo H,Comum,0,0,0,0,0,0,0,0,0,0,0,0,0,0,3157KSA7  ,741354544,926232883
KSA7  ,Moteb Al-Harbi              ,Arabia Saudita     ,Grupo H,Comum,0,0,0,0,0,0,0,0,0,0,0,0,0,0,3157KSA8  ,741354544,926232883
KSA8  ,Hassan Altambakti           ,Arabia Saudita     ,Grupo H,Comum,0,0,0,0,0,0,0,0,0,0,0,0,0,0,3157KSA9  ,741354544,926232883
KSA9  ,Musab Aljuwayr              ,Arabia Saudita     ,Grupo H,Comum,0,0,0,0,0,0,0,0,0,0,0,0,0,0,3157KSA10 ,741354544,926232883
KSA10 ,Ziyad Aljohani              ,Arabia Saudita     ,Grupo H,Comum,0,0,0,0,0,0,0,0,0,0,0,0,0,0,3157KSA11 ,741354544,926232883
KSA11 ,Abdullah Alkhaibari         ,Arabia Saudita     ,Grupo H,Comum,0,0,0,0,0,0,0,0,0,0,0,0,0,0,3157KSA12 ,741354544,926232883
KSA12 ,Nasser Aldawsari            ,Arabia Saudita     ,Grupo H,Comum,0,0,0,0,0,0,0,0,0,0,0,0,0,0,3157KSA13 ,741354544,926232883
KSA13 ,Foto da Equipe              ,Arabia Saudita     ,Grupo H,Comum,0,0,0,0,0,0,0,0,0,0,0,0,0,0,3157KSA14 ,741354544,926232883
KSA14 ,Saleh Abu Alshamat          ,Arabia Saudita     ,Grupo H,Comum,0,0,0,0,0,0,0,0,0,0,0,0,0,0,3157KSA15 ,741354544,926232883
KSA15 ,Marwan Alsahafi             ,Arabia Saudita     ,Grupo H,Comum,0,0,0,0,0,0,0,0,0,0,0,0,0,0,3157KSA16 ,741354544,926232883
KSA16 ,Salem Aldawsari             ,Arabia Saudita     ,Grupo H,Comum,0,0,0,0,0,0,0,0,0,0,0,0,0,0,3157KSA17 ,741354544,926232883
KSA17 ,Abdulrahman Al-Aboud        ,Arabia Saudita     ,Grupo H,Comum,0,0,0,0,0,0,0,0,0,0,0,0,0,0,3157KSA18 ,741354544,926232883
KSA18 ,Feras Akbrikan              ,Arabia Saudita     ,Grupo H,Comum,0,0,0,0,0,0,0,0,0,0,0,0,0,0,3157KSA19 ,741354544,926232883
KSA19 ,Saleh Alshehri              ,Arabia Saudita     ,Grupo H,Comum,0,0,0,0,0,0,0,0,0,0,0,0,0,0,3157KSA20 ,741354544,926232883
KSA20 ,Abdullah Al-Hamdan          ,Arabia Saudita     ,Grupo H,Comum,0,0,0,0,0,0,0,0,0,0,0,0,0,0,3157URU1  ,741354544,926232883
URU1  ,Escudo                      ,Uruguai            ,Grupo H,Especial,0,0,0,0,0,0,0,0,0,0,0,0,12332URU2  ,824979500,842216242
URU2  ,Sergio Rochet               ,Uruguai            ,Grupo H,Comum,0,0,0,0,0,0,0,0,0,0,0,0,0,0,3157URU3  ,741354544,926232883
URU3  ,Santiago Mele               ,Uruguai            ,Grupo H,Comum,0,0,0,0,0,0,0,0,0,0,0,0,0,0,3157URU4  ,741354544,926232883
URU4  ,Ronald Araujo               ,Uruguai            ,Grupo H,Comum,0,0,0,0,0,0,0,0,0,0,0,0,0,0,3157URU5  ,741354544,926232883
URU5  ,Jose Maria Gimenez          ,Uruguai            ,Grupo H,Comum,0,0,0,0,0,0,0,0,0,0,0,0,0,0,3157URU6  ,741354544,926232883
URU6  ,Sebastian Caceres           ,Uruguai            ,Grupo H,Comum,0,0,0,0,0,0,0,0,0,0,0,0,0,0,3157URU7  ,741354544,926232883
URU7  ,Mathias Olivera             ,Uruguai            ,Grupo H,Comum,0,0,0,0,0,0,0,0,0,0,0,0,0,0,3157URU8  ,741354544,926232883
URU8  ,Guillermo Varela            ,Uruguai            ,Grupo H,Comum,0,0,0,0,0,0,0,0,0,0,0,0,0,0,3157URU9  ,741354544,926232883
URU9  ,Nahitan Nandez              ,Uruguai            ,Grupo H,Comum,0,0,0,0,0,0,0,0,0,0,0,0,0,0,3157URU10 ,741354544,926232883
URU10 ,Federico Valverde           ,Uruguai            ,Grupo H,Comum,0,0,0,0,0,0,0,0,0,0,0,0,0,0,3157URU11 ,741354544,926232883
URU11 ,Giorgian De Arrascaeta      ,Uruguai            ,Grupo H,Comum,0,0,0,0,0,0,0,0,0,0,0,0,0,0,3157URU12 ,741354544,926232883
URU12 ,Rodrigo Bentancur           ,Uruguai            ,Grupo H,Comum,0,0,0,0,0,0,0,0,0,0,0,0,0,0,3157URU13 ,741354544,926232883
URU13 ,Foto da Equipe              ,Uruguai            ,Grupo H,Comum,0,0,0,0,0,0,0,0,0,0,0,0,0,0,3157URU14 ,741354544,926232883
URU14 ,Manuel Ugarte               ,Uruguai            ,Grupo H,Comum,0,0,0,0,0,0,0,0,0,0,0,0,0,0,3157URU15 ,741354544,926232883
URU15 ,Nicolas de la Cruz          ,Uruguai            ,Grupo H,Comum,0,0,0,0,0,0,0,0,0,0,0,0,0,0,3157URU16 ,741354544,926232883
URU16 ,Maxi Araujo                 ,Uruguai            ,Grupo H,Comum,0,0,0,0,0,0,0,0,0,0,0,0,0,0,3157URU17 ,741354544,926232883
URU17 ,Darwin Nunez                ,Uruguai            ,Grupo H,Comum,0,0,0,0,0,0,0,0,0,0,0,0,0,0,3157URU18 ,741354544,926232883
URU18 ,Federico Vinas              ,Uruguai            ,Grupo H,Comum,0,0,0,0,0,0,0,0,0,0,0,0,0,0,3157URU19 ,741354544,926232883
URU19 ,Rodrigo Aguirre             ,Uruguai            ,Grupo H,Comum,0,0,0,0,0,0,0,0,0,0,0,0,0,0,3157URU20 ,741354544,926232883
URU20 ,Facundo Pellistri           ,Uruguai            ,Grupo H,Comum,0,0,0,0,0,0,0,0,0,0,0,0,0,0,3157FRA1  ,741354544,926232883
FRA1  ,Escudo                      ,Franca             ,Grupo I,Especial,0,0,0,0,0,0,0,0,0,0,0,0,12332FRA2  ,824979500,842216242
FRA2  ,Mike Maignan                ,Franca             ,Grupo I,Comum,0,0,0,0,0,0,0,0,0,0,0,0,0,0,3157FRA3  ,741354544,926232883
FRA3  ,Theo Hernandez              ,Franca             ,Grupo I,Comum,0,0,0,0,0,0,0,0,0,0,0,0,0,0,3157FRA4  ,741354544,926232883
FRA4  ,William Saliba              ,Franca             ,Grupo I,Comum,0,0,0,0,0,0,0,0,0,0,0,0,0,0,3157FRA5  ,741354544,926232883
FRA5  ,Jules Kounde                ,Franca             ,Grupo I,Comum,0,0,0,0,0,0,0,0,0,0,0,0,0,0,3157FRA6  ,741354544,926232883
FRA6  ,Ibrahima Konate             ,Franca             ,Grupo I,Comum,0,0,0,0,0,0,0,0,0,0,0,0,0,0,3157FRA7  ,741354544,926232883
FRA7  ,Dayot Upamecano             ,Franca             ,Grupo I,Comum,0,0,0,0,0,0,0,0,0,0,0,0,0,0,3157FRA8  ,741354544,926232883
FRA8  ,Lucas Digne                 ,Franca             ,Grupo I,Comum,0,0,0,0,0,0,0,0,0,0,0,0,0,0,3157FRA9  ,741354544,926232883
FRA9  ,Aurelien Tchouameni         ,Franca             ,Grupo I,Comum,0,0,0,0,0,0,0,0,0,0,0,0,0,0,3157FRA10 ,741354544,926232883
FRA10 ,Eduardo Camavinga           ,Franca             ,Grupo I,Comum,0,0,0,0,0,0,0,0,0,0,0,0,0,0,3157FRA11 ,741354544,926232883
FRA11 ,Manu Kone                   ,Franca             ,Grupo I,Comum,0,0,0,0,0,0,0,0,0,0,0,0,0,0,3157FRA12 ,741354544,926232883
FRA12 ,Adrien Rabiot               ,Franca             ,Grupo I,Comum,0,0,0,0,0,0,0,0,0,0,0,0,0,0,3157FRA13 ,741354544,926232883
FRA13 ,Foto da Equipe              ,Franca             ,Grupo I,Comum,0,0,0,0,0,0,0,0,0,0,0,0,0,0,3157FRA14 ,741354544,926232883
FRA14 ,Michael Olise               ,Franca             ,Grupo I,Comum,0,0,0,0,0,0,0,0,0,0,0,0,0,0,3157FRA15 ,741354544,926232883
FRA15 ,Ousmane Dembele             ,Franca             ,Grupo I,Comum,0,0,0,0,0,0,0,0,0,0,0,0,0,0,3157FRA16 ,741354544,926232883
FRA16 ,Bradley Barcola             ,Franca             ,Grupo I,Comum,0,0,0,0,0,0,0,0,0,0,0,0,0,0,3157FRA17 ,741354544,926232883
FRA17 ,Desire Doue                 ,Franca             ,Grupo I,Comum,0,0,0,0,0,0,0,0,0,0,0,0,0,0,3157FRA18 ,741354544,926232883
FRA18 ,Kingsley Coman              ,Franca             ,Grupo I,Comum,0,0,0,0,0,0,0,0,0,0,0,0,0,0,3157FRA19 ,741354544,926232883
FRA19 ,Hugo Ekitike                ,Franca             ,Grupo I,Comum,0,0,0,0,0,0,0,0,0,0,0,0,0,0,3157FRA20 ,741354544,926232883
FRA20 ,Kylian Mbappe               ,Franca             ,Grupo I,Comum,0,0,0,0,0,0,0,0,0,0,0,0,0,0,3157SEN1  ,741354544,926232883
SEN1  ,Escudo                      ,Senegal            ,Grupo I,Especial,0,0,0,0,0,0,0,0,0,0,0,0,12332SEN2  ,824979500,842216242
SEN2  ,Eduardo Mendy               ,Senegal            ,Grupo I,Comum,0,0,0,0,0,0,0,0,0,0,0,0,0,0,3157SEN3  ,741354544,926232883
SEN3  ,Yehvann Diouf               ,Senegal            ,Grupo I,Comum,0,0,0,0,0,0,0,0,0,0,0,0,0,0,3157SEN4  ,741354544,926232883
SEN4  ,Moussa Niakhate             ,Senegal            ,Grupo I,Comum,0,0,0,0,0,0,0,0,0,0,0,0,0,0,3157SEN5  ,741354544,926232883
SEN5  ,Abdoulaye Seck              ,Senegal            ,Grupo I,Comum,0,0,0,0,0,0,0,0,0,0,0,0,0,0,3157SEN6  ,741354544,926232883
SEN6  ,Ismail Jakobs               ,Senegal            ,Grupo I,Comum,0,0,0,0,0,0,0,0,0,0,0,0,0,0,3157SEN7  ,741354544,926232883
SEN7  ,El Hadji Malick Diouf       ,Senegal            ,Grupo I,Comum,0,0,0,0,0,0,0,0,0,0,0,0,0,0,3157SEN8  ,741354544,926232883
SEN8  ,Kalidou Koulibaly           ,Senegal            ,Grupo I,Comum,0,0,0,0,0,0,0,0,0,0,0,0,0,0,3157SEN9  ,741354544,926232883
SEN9  ,Idrissa Gana Gueye          ,Senegal            ,Grupo I,Comum,0,0,0,0,0,0,0,0,0,0,0,0,0,0,3157SEN10 ,741354544,926232883
SEN10 ,Pape Matar Sarr             ,Senegal            ,Grupo I,Comum,0,0,0,0,0,0,0,0,0,0,0,0,0,0,3157SEN11 ,741354544,926232883
SEN11 ,Pape Gueye                  ,Senegal            ,Grupo I,Comum,0,0,0,0,0,0,0,0,0,0,0,0,0,0,3157SEN12 ,741354544,926232883
SEN12 ,Habib Diarra                ,Senegal            ,Grupo I,Comum,0,0,0,0,0,0,0,0,0,0,0,0,0,0,3157SEN13 ,741354544,926232883
SEN13 ,Foto da Equipe              ,Senegal            ,Grupo I,Comum,0,0,0,0,0,0,0,0,0,0,0,0,0,0,3157SEN14 ,741354544,926232883
SEN14 ,Lamine Camara               ,Senegal            ,Grupo I,Comum,0,0,0,0,0,0,0,0,0,0,0,0,0,0,3157SEN15 ,741354544,926232883
SEN15 ,Sadio Mane                  ,Senegal            ,Grupo I,Comum,0,0,0,0,0,0,0,0,0,0,0,0,0,0,3157SEN16 ,741354544,926232883
SEN16 ,Ismaila Sarr                ,Senegal            ,Grupo I,Comum,0,0,0,0,0,0,0,0,0,0,0,0,0,0,3157SEN17 ,741354544,926232883
SEN17 ,Boulaye Dia                 ,Senegal            ,Grupo I,Comum,0,0,0,0,0,0,0,0,0,0,0,0,0,0,3157SEN18 ,741354544,926232883
SEN18 ,Iliman Ndiaye               ,Senegal            ,Grupo I,Comum,0,0,0,0,0,0,0,0,0,0,0,0,0,0,3157SEN19 ,741354544,926232883
SEN19 ,Nicolas Jackson             ,Senegal            ,Grupo I,Comum,0,0,0,0,0,0,0,0,0,0,0,0,0,0,3157SEN20 ,741354544,926232883
SEN20 ,Krepin Diatta               ,Senegal            ,Grupo I,Comum,0,0,0,0,0,0,0,0,0,0,0,0,0,0,3157IRQ1  ,741354544,926232883
IRQ1  ,Escudo                      ,Iraque             ,Grupo I,Especial,0,0,0,0,0,0,0,0,0,0,0,0,12332IRQ2  ,824979500,842216242
IRQ2  ,Jalal Hassan                ,Iraque             ,Grupo I,Comum,0,0,0,0,0,0,0,0,0,0,0,0,0,0,3157IRQ3  ,741354544,926232883
IRQ3  ,Rebin Sulaka                ,Iraque             ,Grupo I,Comum,0,0,0,0,0,0,0,0,0,0,0,0,0,0,3157IRQ4  ,741354544,926232883
IRQ4  ,Hussein Ali                 ,Iraque             ,Grupo I,Comum,0,0,0,0,0,0,0,0,0,0,0,0,0,0,3157IRQ5  ,741354544,926232883
IRQ5  ,Akam Hashem                 ,Iraque             ,Grupo I,Comum,0,0,0,0,0,0,0,0,0,0,0,0,0,0,3157IRQ6  ,741354544,926232883
IRQ6  ,Merchas Doski               ,Iraque             ,Grupo I,Comum,0,0,0,0,0,0,0,0,0,0,0,0,0,0,3157IRQ7  ,741354544,926232883
IRQ7  ,Zaid Tahseen                ,Iraque             ,Grupo I,Comum,0,0,0,0,0,0,0,0,0,0,0,0,0,0,3157IRQ8  ,741354544,926232883
IRQ8  ,Manaf Younis                ,Iraque             ,Grupo I,Comum,0,0,0,0,0,0,0,0,0,0,0,0,0,0,3157IRQ9  ,741354544,926232883
IRQ9  ,Zidane Iqbal                ,Iraque             ,Grupo I,Comum,0,0,0,0,0,0,0,0,0,0,0,0,0,0,3157IRQ10 ,741354544,926232883
IRQ10 ,Amir Al-Ammari              ,Iraque             ,Grupo I,Comum,0,0,0,0,0,0,0,0,0,0,0,0,0,0,3157IRQ11 ,741354544,926232883
IRQ11 ,Ibrahim Bavesh              ,Iraque             ,Grupo I,Comum,0,0,0,0,0,0,0,0,0,0,0,0,0,0,3157IRQ12 ,741354544,926232883
IRQ12 ,Ali Jasim                   ,Iraque             ,Grupo I,Comum,0,0,0,0,0,0,0,0,0,0,0,0,0,0,3157IRQ13 ,741354544,926232883
IRQ13 ,Foto da Equipe              ,Iraque             ,Grupo I,Comum,0,0,0,0,0,0,0,0,0,0,0,0,0,0,3157IRQ14 ,741354544,926232883
IRQ14 ,Youssef Amyn                ,Iraque             ,Grupo I,Comum,0,0,0,0,0,0,0,0,0,0,0,0,0,0,3157IRQ15 ,741354544,926232883
IRQ15 ,Aimar Sher                  ,Iraque             ,Grupo I,Comum,0,0,0,0,0,0,0,0,0,0,0,0,0,0,3157IRQ16 ,741354544,926232883
IRQ16 ,Marko Farji                 ,Iraque             ,Grupo I,Comum,0,0,0,0,0,0,0,0,0,0,0,0,0,0,3157IRQ17 ,741354544,926232883
IRQ17 ,Osama Rashid                ,Iraque             ,Grupo I,Comum,0,0,0,0,0,0,0,0,0,0,0,0,0,0,3157IRQ18 ,741354544,926232883
IRQ18 ,Ali Al-Hamadi               ,Iraque             ,Grupo I,Comum,0,0,0,0,0,0,0,0,0,0,0,0,0,0,3157IRQ19 ,741354544,926232883
IRQ19 ,Aymen Hussein               ,Iraque             ,Grupo I,Comum,0,0,0,0,0,0,0,0,0,0,0,0,0,0,3157IRQ20 ,741354544,926232883
IRQ20 ,Mohanad Ali                 ,Iraque             ,Grupo I,Comum,0,0,0,0,0,0,0,0,0,0,0,0,0,0,3157NOR1  ,741354544,926232883
NOR1  ,Escudo                      ,Noruega            ,Grupo I,Especial,0,0,0,0,0,0,0,0,0,0,0,0,12332NOR2  ,824979500,842216242
NOR2  ,Orjan Nyland                ,Noruega            ,Grupo I,Comum,0,0,0,0,0,0,0,0,0,0,0,0,0,0,3157NOR3  ,741354544,926232883
NOR3  ,Julian Ryerson              ,Noruega            ,Grupo I,Comum,0,0,0,0,0,0,0,0,0,0,0,0,0,0,3157NOR4  ,741354544,926232883
NOR4  ,Leo Ostigard                ,Noruega            ,Grupo I,Comum,0,0,0,0,0,0,0,0,0,0,0,0,0,0,3157NOR5  ,741354544,926232883
NOR5  ,Kristoffer Vassbakk Ajer    ,Noruega            ,Grupo I,Comum,0,0,0,0,0,0,0,0,0,0,0,0,0,0,3157NOR6  ,741354544,926232883
NOR6  ,Marcus Holmgren Pedersen    ,Noruega            ,Grupo I,Comum,0,0,0,0,0,0,0,0,0,0,0,0,0,0,3157NOR7  ,741354544,926232883
NOR7  ,David Mller Wolfe           ,Noruega            ,Grupo I,Comum,0,0,0,0,0,0,0,0,0,0,0,0,0,0,3157NOR8  ,741354544,926232883
NOR8  ,Torbjrn Heggem              ,Noruega            ,Grupo I,Comum,0,0,0,0,0,0,0,0,0,0,0,0,0,0,3157NOR9  ,741354544,926232883
NOR9  ,Morten Thorsby              ,Noruega            ,Grupo I,Comum,0,0,0,0,0,0,0,0,0,0,0,0,0,0,3157NOR10 ,741354544,926232883
NOR10 ,Martin degaard              ,Noruega            ,Grupo I,Comum,0,0,0,0,0,0,0,0,0,0,0,0,0,0,3157NOR11 ,741354544,926232883
NOR11 ,Sander Berge                ,Noruega            ,Grupo I,Comum,0,0,0,0,0,0,0,0,0,0,0,0,0,0,3157NOR12 ,741354544,926232883
NOR12 ,Andreas Schjelderup         ,Noruega            ,Grupo I,Comum,0,0,0,0,0,0,0,0,0,0,0,0,0,0,3157NOR13 ,741354544,926232883
NOR13 ,Foto da Equipe              ,Noruega            ,Grupo I,Comum,0,0,0,0,0,0,0,0,0,0,0,0,0,0,3157NOR14 ,741354544,926232883
NOR14 ,Patrick Berg                ,Noruega            ,Grupo I,Comum,0,0,0,0,0,0,0,0,0,0,0,0,0,0,3157NOR15 ,741354544,926232883
NOR15 ,Erling Haaland              ,Noruega            ,Grupo I,Comum,0,0,0,0,0,0,0,0,0,0,0,0,0,0,3157NOR16 ,741354544,926232883
NOR16 ,Alexander Srloth            ,Noruega            ,Grupo I,Comum,0,0,0,0,0,0,0,0,0,0,0,0,0,0,3157NOR17 ,741354544,926232883
NOR17 ,Aron Dnnum                  ,Noruega            ,Grupo I,Comum,0,0,0,0,0,0,0,0,0,0,0,0,0,0,3157NOR18 ,741354544,926232883
NOR18 ,Jorgen Strand Larsen        ,Noruega            ,Grupo I,Comum,0,0,0,0,0,0,0,0,0,0,0,0,0,0,3157NOR19 ,741354544,926232883
NOR19 ,Antonio Nusa                ,Noruega            ,Grupo I,Comum,0,0,0,0,0,0,0,0,0,0,0,0,0,0,3157NOR20 ,741354544,926232883
NOR20 ,Oscar Bobb                  ,Noruega            ,Grupo I,Comum,0,0,0,0,0,0,0,0,0,0,0,0,0,0,3157ARG1  ,741354544,926232883
ARG1  ,Escudo                      ,Argentina          ,Grupo J,Especial,0,0,0,0,0,0,0,0,0,0,0,0,12332ARG2  ,824979500,842216242
ARG2  ,Emiliano Martinez           ,Argentina          ,Grupo J,Comum,0,0,0,0,0,0,0,0,0,0,0,0,0,0,3157ARG3  ,741354544,926232883
ARG3  ,Nahuel Molina               ,Argentina          ,Grupo J,Comum,0,0,0,0,0,0,0,0,0,0,0,0,0,0,3157ARG4  ,741354544,926232883
ARG4  ,Cristian Romero             ,Argentina          ,Grupo J,Comum,0,0,0,0,0,0,0,0,0,0,0,0,0,0,3157ARG5  ,741354544,926232883
ARG5  ,Nicolas Otamendi            ,Argentina          ,Grupo J,Comum,0,0,0,0,0,0,0,0,0,0,0,0,0,0,3157ARG6  ,741354544,926232883
ARG6  ,Nicolas Tagliafico          ,Argentina          ,Grupo J,Comum,0,0,0,0,0,0,0,0,0,0,0,0,0,0,3157ARG7  ,741354544,926232883
ARG7  ,Leonardo Balerdi            ,Argentina          ,Grupo J,Comum,0,0,0,0,0,0,0,0,0,0,0,0,0,0,3157ARG8  ,741354544,926232883
ARG8  ,Enzo Fernandez              ,Argentina          ,Grupo J,Comum,0,0,0,0,0,0,0,0,0,0,0,0,0,0,3157ARG9  ,741354544,926232883
ARG9  ,Alexis Mac Allister         ,Argentina          ,Grupo J,Comum,0,0,0,0,0,0,0,0,0,0,0,0,0,0,3157ARG10 ,741354544,926232883
ARG10 ,Rodrigo De Paul             ,Argentina          ,Grupo J,Comum,0,0,0,0,0,0,0,0,0,0,0,0,0,0,3157ARG11 ,741354544,926232883
ARG11 ,Exequiel Palacios           ,Argentina          ,Grupo J,Comum,0,0,0,0,0,0,0,0,0,0,0,0,0,0,3157ARG12 ,741354544,926232883
ARG12 ,Leandro Paredes             ,Argentina          ,Grupo J,Comum,0,0,0,0,0,0,0,0,0,0,0,0,0,0,3157ARG13 ,741354544,926232883
ARG13 ,Foto da Equipe              ,Argentina          ,Grupo J,Comum,0,0,0,0,0,0,0,0,0,0,0,0,0,0,3157ARG14 ,741354544,926232883
ARG14 ,Nico Paz                    ,Argentina          ,Grupo J,Comum,0,0,0,0,0,0,0,0,0,0,0,0,0,0,3157ARG15 ,741354544,926232883
ARG15 ,Franco Mastantuono          ,Argentina          ,Grupo J,Comum,0,0,0,0,0,0,0,0,0,0,0,0,0,0,3157ARG16 ,741354544,926232883
ARG16 ,Nico Gonzalez               ,Argentina          ,Grupo J,Comum,0,0,0,0,0,0,0,0,0,0,0,0,0,0,3157ARG17 ,741354544,926232883
ARG17 ,Lionel Messi                ,Argentina          ,Grupo J,Comum,0,0,0,0,0,0,0,0,0,0,0,0,0,0,3157ARG18 ,741354544,926232883
ARG18 ,Lautaro Martinez            ,Argentina          ,Grupo J,Comum,0,0,0,0,0,0,0,0,0,0,0,0,0,0,3157ARG19 ,741354544,926232883
ARG19 ,Julian Alvarez              ,Argentina          ,Grupo J,Comum,0,0,0,0,0,0,0,0,0,0,0,0,0,0,3157ARG20 ,741354544,926232883
ARG20 ,Giuliano Simeone            ,Argentina          ,Grupo J,Comum,0,0,0,0,0,0,0,0,0,0,0,0,0,0,3157ALG1  ,741354544,926232883
ALG1  ,Escudo                      ,Argelia            ,Grupo J,Especial,0,0,0,0,0,0,0,0,0,0,0,0,12332ALG2  ,824979500,842216242
ALG2  ,Alexis Guendouz             ,Argelia            ,Grupo J,Comum,0,0,0,0,0,0,0,0,0,0,0,0,0,0,3157ALG3  ,741354544,926232883
ALG3  ,Ramy Bensebaini             ,Argelia            ,Grupo J,Comum,0,0,0,0,0,0,0,0,0,0,0,0,0,0,3157ALG4  ,741354544,926232883
ALG4  ,Youcef Atal                 ,Argelia            ,Grupo J,Comum,0,0,0,0,0,0,0,0,0,0,0,0,0,0,3157ALG5  ,741354544,926232883
ALG5  ,Rayan Ait-Nouri             ,Argelia            ,Grupo J,Comum,0,0,0,0,0,0,0,0,0,0,0,0,0,0,3157ALG6  ,741354544,926232883
ALG6  ,Mohamed Amine Tougai        ,Argelia            ,Grupo J,Comum,0,0,0,0,0,0,0,0,0,0,0,0,0,0,3157ALG7  ,741354544,926232883
ALG7  ,Aissa Mandi                 ,Argelia            ,Grupo J,Comum,0,0,0,0,0,0,0,0,0,0,0,0,0,0,3157ALG8  ,741354544,926232883
ALG8  ,Ismael Bennacer             ,Argelia            ,Grupo J,Comum,0,0,0,0,0,0,0,0,0,0,0,0,0,0,3157ALG9  ,741354544,926232883
ALG9  ,Houssem Aquar               ,Argelia            ,Grupo J,Comum,0,0,0,0,0,0,0,0,0,0,0,0,0,0,3157ALG10 ,741354544,926232883
ALG10 ,Hicham Boudaoui             ,Argelia            ,Grupo J,Comum,0,0,0,0,0,0,0,0,0,0,0,0,0,0,3157ALG11 ,741354544,926232883
ALG11 ,Ramiz Zerrouki              ,Argelia            ,Grupo J,Comum,0,0,0,0,0,0,0,0,0,0,0,0,0,0,3157ALG12 ,741354544,926232883
ALG12 ,Nabil Bentalab              ,Argelia            ,Grupo J,Comum,0,0,0,0,0,0,0,0,0,0,0,0,0,0,3157ALG13 ,741354544,926232883
ALG13 ,Foto da Equipe              ,Argelia            ,Grupo J,Comum,0,0,0,0,0,0,0,0,0,0,0,0,0,0,3157ALG14 ,741354544,926232883
ALG14 ,Fares Chaibi                ,Argelia            ,Grupo J,Comum,0,0,0,0,0,0,0,0,0,0,0,0,0,0,3157ALG15 ,741354544,926232883
ALG15 ,Riyad Mahrez                ,Argelia            ,Grupo J,Comum,0,0,0,0,0,0,0,0,0,0,0,0,0,0,3157ALG16 ,741354544,926232883
ALG16 ,Said Benrhama               ,Argelia            ,Grupo J,Comum,0,0,0,0,0,0,0,0,0,0,0,0,0,0,3157ALG17 ,741354544,926232883
ALG17 ,Anis Hadj Moussa            ,Argelia            ,Grupo J,Comum,0,0,0,0,0,0,0,0,0,0,0,0,0,0,3157ALG18 ,741354544,926232883
ALG18 ,Amine Gouiri                ,Argelia            ,Grupo J,Comum,0,0,0,0,0,0,0,0,0,0,0,0,0,0,3157ALG19 ,741354544,926232883
ALG19 ,Baghdad Bounedjah           ,Argelia            ,Grupo J,Comum,0,0,0,0,0,0,0,0,0,0,0,0,0,0,3157ALG20 ,741354544,926232883
ALG20 ,Mohammed Amoura             ,Argelia            ,Grupo J,Comum,0,0,0,0,0,0,0,0,0,0,0,0,0,0,3157AUT1  ,741354544,926232883
AUT1  ,Escudo                      ,Austria            ,Grupo J,Especial,0,0,0,0,0,0,0,0,0,0,0,0,12332AUT2  ,824979500,842216242
AUT2  ,Alexander Schlager          ,Austria            ,Grupo J,Comum,0,0,0,0,0,0,0,0,0,0,0,0,0,0,3157AUT3  ,741354544,926232883
AUT3  ,Patrick Pentz               ,Austria            ,Grupo J,Comum,0,0,0,0,0,0,0,0,0,0,0,0,0,0,3157AUT4  ,741354544,926232883
AUT4  ,David Alaba                 ,Austria            ,Grupo J,Comum,0,0,0,0,0,0,0,0,0,0,0,0,0,0,3157AUT5  ,741354544,926232883
AUT5  ,Kevin Danso                 ,Austria            ,Grupo J,Comum,0,0,0,0,0,0,0,0,0,0,0,0,0,0,3157AUT6  ,741354544,926232883
AUT6  ,Philipp Lienhart            ,Austria            ,Grupo J,Comum,0,0,0,0,0,0,0,0,0,0,0,0,0,0,3157AUT7  ,741354544,926232883
AUT7  ,Stefan Bosch                ,Austria            ,Grupo J,Comum,0,0,0,0,0,0,0,0,0,0,0,0,0,0,3157AUT8  ,741354544,926232883
AUT8  ,Phillipp Mwene              ,Austria            ,Grupo J,Comum,0,0,0,0,0,0,0,0,0,0,0,0,0,0,3157AUT9  ,741354544,926232883
AUT9  ,Alexander Prass             ,Austria            ,Grupo J,Comum,0,0,0,0,0,0,0,0,0,0,0,0,0,0,3157AUT10 ,741354544,926232883
AUT10 ,Xavier Schlager             ,Austria            ,Grupo J,Comum,0,0,0,0,0,0,0,0,0,0,0,0,0,0,3157AUT11 ,741354544,926232883
AUT11 ,Marcel Sabitzer             ,Austria            ,Grupo J,Comum,0,0,0,0,0,0,0,0,0,0,0,0,0,0,3157AUT12 ,741354544,926232883
AUT12 ,Konrad Laimer               ,Austria            ,Grupo J,Comum,0,0,0,0,0,0,0,0,0,0,0,0,0,0,3157AUT13 ,741354544,926232883
AUT13 ,Foto da Equipe              ,Austria            ,Grupo J,Comum,0,0,0,0,0,0,0,0,0,0,0,0,0,0,3157AUT14 ,741354544,926232883
AUT14 ,Florian Grillitsch          ,Austria            ,Grupo J,Comum,0,0,0,0,0,0,0,0,0,0,0,0,0,0,3157AUT15 ,741354544,926232883
AUT15 ,Nicolas Seiwald             ,Austria            ,Grupo J,Comum,0,0,0,0,0,0,0,0,0,0,0,0,0,0,3157AUT16 ,741354544,926232883
AUT16 ,Romano Schmid               ,Austria            ,Grupo J,Comum,0,0,0,0,0,0,0,0,0,0,0,0,0,0,3157AUT17 ,741354544,926232883
AUT17 ,Patrick Wimmer              ,Austria            ,Grupo J,Comum,0,0,0,0,0,0,0,0,0,0,0,0,0,0,3157AUT18 ,741354544,926232883
AUT18 ,Christoph Baumgartner       ,Austria            ,Grupo J,Comum,0,0,0,0,0,0,0,0,0,0,0,0,0,0,3157AUT19 ,741354544,926232883
AUT19 ,Michael Gregoritsch         ,Austria            ,Grupo J,Comum,0,0,0,0,0,0,0,0,0,0,0,0,0,0,3157AUT20 ,741354544,926232883
AUT20 ,Marko Arnautovic            ,Austria            ,Grupo J,Comum,0,0,0,0,0,0,0,0,0,0,0,0,0,0,3157JOR1  ,741354544,926232883
JOR1  ,Escudo                      ,Jordania           ,Grupo J,Especial,0,0,0,0,0,0,0,0,0,0,0,0,12332JOR2  ,824979500,842216242
JOR2  ,Yazeed Abulaila             ,Jordania           ,Grupo J,Comum,0,0,0,0,0,0,0,0,0,0,0,0,0,0,3157JOR3  ,741354544,926232883
JOR3  ,Ihsan Haddad                ,Jordania           ,Grupo J,Comum,0,0,0,0,0,0,0,0,0,0,0,0,0,0,3157JOR4  ,741354544,926232883
JOR4  ,Mohammad Abu Hashish        ,Jordania           ,Grupo J,Comum,0,0,0,0,0,0,0,0,0,0,0,0,0,0,3157JOR5  ,741354544,926232883
JOR5  ,Yazan Al-Arab               ,Jordania           ,Grupo J,Comum,0,0,0,0,0,0,0,0,0,0,0,0,0,0,3157JOR6  ,741354544,926232883
JOR6  ,Abdallah Nasib              ,Jordania           ,Grupo J,Comum,0,0,0,0,0,0,0,0,0,0,0,0,0,0,3157JOR7  ,741354544,926232883
JOR7  ,Saleem Obaid                ,Jordania           ,Grupo J,Comum,0,0,0,0,0,0,0,0,0,0,0,0,0,0,3157JOR8  ,741354544,926232883
JOR8  ,Mohammad Abualnadi          ,Jordania           ,Grupo J,Comum,0,0,0,0,0,0,0,0,0,0,0,0,0,0,3157JOR9  ,741354544,926232883
JOR9  ,Ibrahim Saadeh              ,Jordania           ,Grupo J,Comum,0,0,0,0,0,0,0,0,0,0,0,0,0,0,3157JOR10 ,741354544,926232883
JOR10 ,Nizar Al-Rashdan            ,Jordania           ,Grupo J,Comum,0,0,0,0,0,0,0,0,0,0,0,0,0,0,3157JOR11 ,741354544,926232883
JOR11 ,Noor Al-Rawabdeh            ,Jordania           ,Grupo J,Comum,0,0,0,0,0,0,0,0,0,0,0,0,0,0,3157JOR12 ,741354544,926232883
JOR12 ,Mohannad Abu Taha           ,Jordania           ,Grupo J,Comum,0,0,0,0,0,0,0,0,0,0,0,0,0,0,3157JOR13 ,741354544,926232883
JOR13 ,Foto da Equipe              ,Jordania           ,Grupo J,Comum,0,0,0,0,0,0,0,0,0,0,0,0,0,0,3157JOR14 ,741354544,926232883
JOR14 ,Amer Jamous                 ,Jordania           ,Grupo J,Comum,0,0,0,0,0,0,0,0,0,0,0,0,0,0,3157JOR15 ,741354544,926232883
JOR15 ,Musa Al-Taamari             ,Jordania           ,Grupo J,Comum,0,0,0,0,0,0,0,0,0,0,0,0,0,0,3157JOR16 ,741354544,926232883
JOR16 ,Yazan Al-Naimat             ,Jordania           ,Grupo J,Comum,0,0,0,0,0,0,0,0,0,0,0,0,0,0,3157JOR17 ,741354544,926232883
JOR17 ,Mahmoud Al-Mardi            ,Jordania           ,Grupo J,Comum,0,0,0,0,0,0,0,0,0,0,0,0,0,0,3157JOR18 ,741354544,926232883
JOR18 ,Ali Olwan                   ,Jordania           ,Grupo J,Comum,0,0,0,0,0,0,0,0,0,0,0,0,0,0,3157JOR19 ,741354544,926232883
JOR19 ,Mohammad Abu Zrayq          ,Jordania           ,Grupo J,Comum,0,0,0,0,0,0,0,0,0,0,0,0,0,0,3157JOR20 ,741354544,926232883
JOR20 ,Ibrahim Sabra               ,Jordania           ,Grupo J,Comum,0,0,0,0,0,0,0,0,0,0,0,0,0,0,3157POR1  ,741354544,926232883
POR1  ,Escudo                      ,Portugal           ,Grupo K,Especial,0,0,0,0,0,0,0,0,0,0,0,0,12332POR2  ,824979500,842216242
POR2  ,Diogo Costa                 ,Portugal           ,Grupo K,Comum,0,0,0,0,0,0,0,0,0,0,0,0,0,0,3157POR3  ,741354544,926232883
POR3  ,Jose Sa                     ,Portugal           ,Grupo K,Comum,0,0,0,0,0,0,0,0,0,0,0,0,0,0,3157POR4  ,741354544,926232883
POR4  ,Ruben Dias                  ,Portugal           ,Grupo K,Comum,0,0,0,0,0,0,0,0,0,0,0,0,0,0,3157POR5  ,741354544,926232883
POR5  ,Joao Cancelo                ,Portugal           ,Grupo K,Comum,0,0,0,0,0,0,0,0,0,0,0,0,0,0,3157POR6  ,741354544,926232883
POR6  ,Diogo Dalot                 ,Portugal           ,Grupo K,Comum,0,0,0,0,0,0,0,0,0,0,0,0,0,0,3157POR7  ,741354544,926232883
POR7  ,Nuno Mendes                 ,Portugal           ,Grupo K,Comum,0,0,0,0,0,0,0,0,0,0,0,0,0,0,3157POR8  ,741354544,926232883
POR8  ,Goncalo Inacio              ,Portugal           ,Grupo K,Comum,0,0,0,0,0,0,0,0,0,0,0,0,0,0,3157POR9  ,741354544,926232883
POR9  ,Bernardo Silva              ,Portugal           ,Grupo K,Comum,0,0,0,0,0,0,0,0,0,0,0,0,0,0,3157POR10 ,741354544,926232883
POR10 ,Bruno Fernandes             ,Portugal           ,Grupo K,Comum,0,0,0,0,0,0,0,0,0,0,0,0,0,0,3157POR11 ,741354544,926232883
POR11 ,Ruben Neves                 ,Portugal           ,Grupo K,Comum,0,0,0,0,0,0,0,0,0,0,0,0,0,0,3157POR12 ,741354544,926232883
POR12 ,Vitinha                     ,Portugal           ,Grupo K,Comum,0,0,0,0,0,0,0,0,0,0,0,0,0,0,3157POR13 ,741354544,926232883
POR13 ,Foto da Equipe              ,Portugal           ,Grupo K,Comum,0,0,0,0,0,0,0,0,0,0,0,0,0,0,3157POR14 ,741354544,926232883
POR14 ,Joao Neves                  ,Portugal           ,Grupo K,Comum,0,0,0,0,0,0,0,0,0,0,0,0,0,0,3157POR15 ,741354544,926232883
POR15 ,Cristiano Ronaldo           ,Portugal           ,Grupo K,Comum,0,0,0,0,0,0,0,0,0,0,0,0,0,0,3157POR16 ,741354544,926232883
POR16 ,Francisco Trincao           ,Portugal           ,Grupo K,Comum,0,0,0,0,0,0,0,0,0,0,0,0,0,0,3157POR17 ,741354544,926232883
POR17 ,Joao Felix                  ,Portugal           ,Grupo K,Comum,0,0,0,0,0,0,0,0,0,0,0,0,0,0,3157POR18 ,741354544,926232883
POR18 ,Goncalo Ramos               ,Portugal           ,Grupo K,Comum,0,0,0,0,0,0,0,0,0,0,0,0,0,0,3157POR19 ,741354544,926232883
POR19 ,Pedro Neto                  ,Portugal           ,Grupo K,Comum,0,0,0,0,0,0,0,0,0,0,0,0,0,0,3157POR20 ,741354544,926232883
POR20 ,Rafael Leao                 ,Portugal           ,Grupo K,Comum,0,0,0,0,0,0,0,0,0,0,0,0,0,0,3157COD1  ,741354544,926232883
COD1  ,Escudo                      ,RD Congo           ,Grupo K,Especial,0,0,0,0,0,0,0,0,0,0,0,0,12332COD2  ,824979500,842216242
COD2  ,Lionel Mpasi                ,RD Congo           ,Grupo K,Comum,0,0,0,0,0,0,0,0,0,0,0,0,0,0,3157COD3  ,741354544,926232883
COD3  ,Aaron Wan-Bissaka           ,RD Congo           ,Grupo K,Comum,0,0,0,0,0,0,0,0,0,0,0,0,0,0,3157COD4  ,741354544,926232883
COD4  ,Axel Tuanzebe               ,RD Congo           ,Grupo K,Comum,0,0,0,0,0,0,0,0,0,0,0,0,0,0,3157COD5  ,741354544,926232883
COD5  ,Arthur Masuaku              ,RD Congo           ,Grupo K,Comum,0,0,0,0,0,0,0,0,0,0,0,0,0,0,3157COD6  ,741354544,926232883
COD6  ,Chancel Mbemba              ,RD Congo           ,Grupo K,Comum,0,0,0,0,0,0,0,0,0,0,0,0,0,0,3157COD7  ,741354544,926232883
COD7  ,Joris Kayembe               ,RD Congo           ,Grupo K,Comum,0,0,0,0,0,0,0,0,0,0,0,0,0,0,3157COD8  ,741354544,926232883
COD8  ,Charles Pickel              ,RD Congo           ,Grupo K,Comum,0,0,0,0,0,0,0,0,0,0,0,0,0,0,3157COD9  ,741354544,926232883
COD9  ,Ngal'ayel Mukau             ,RD Congo           ,Grupo K,Comum,0,0,0,0,0,0,0,0,0,0,0,0,0,0,3157COD10 ,741354544,926232883
COD10 ,Edo Kayembe                 ,RD Congo           ,Grupo K,Comum,0,0,0,0,0,0,0,0,0,0,0,0,0,0,3157COD11 ,741354544,926232883
COD11 ,Samuel Moutoussamy          ,RD Congo           ,Grupo K,Comum,0,0,0,0,0,0,0,0,0,0,0,0,0,0,3157COD12 ,741354544,926232883
COD12 ,Noah Sadiki                 ,RD Congo           ,Grupo K,Comum,0,0,0,0,0,0,0,0,0,0,0,0,0,0,3157COD13 ,741354544,926232883
COD13 ,Foto da Equipe              ,RD Congo           ,Grupo K,Comum,0,0,0,0,0,0,0,0,0,0,0,0,0,0,3157COD14 ,741354544,926232883
COD14 ,Theo Bongonda               ,RD Congo           ,Grupo K,Comum,0,0,0,0,0,0,0,0,0,0,0,0,0,0,3157COD15 ,741354544,926232883
COD15 ,Meschak Elia                ,RD Congo           ,Grupo K,Comum,0,0,0,0,0,0,0,0,0,0,0,0,0,0,3157COD16 ,741354544,926232883
COD16 ,Yoane Wissa                 ,RD Congo           ,Grupo K,Comum,0,0,0,0,0,0,0,0,0,0,0,0,0,0,3157COD17 ,741354544,926232883
COD17 ,Brian Cipenga               ,RD Congo           ,Grupo K,Comum,0,0,0,0,0,0,0,0,0,0,0,0,0,0,3157COD18 ,741354544,926232883
COD18 ,Fiston Mayele               ,RD Congo           ,Grupo K,Comum,0,0,0,0,0,0,0,0,0,0,0,0,0,0,3157COD19 ,741354544,926232883
COD19 ,Cedric Bakambu              ,RD Congo           ,Grupo K,Comum,0,0,0,0,0,0,0,0,0,0,0,0,0,0,3157COD20 ,741354544,926232883
COD20 ,Nathanael Mbuku             ,RD Congo           ,Grupo K,Comum,0,0,0,0,0,0,0,0,0,0,0,0,0,0,3157UZB1  ,741354544,926232883
UZB1  ,Escudo                      ,Uzbequistao        ,Grupo K,Especial,0,0,0,0,0,0,0,0,0,0,0,0,12332UZB2  ,824979500,842216242
UZB2  ,Utkir Yusupov               ,Uzbequistao        ,Grupo K,Comum,0,0,0,0,0,0,0,0,0,0,0,0,0,0,3157UZB3  ,741354544,926232883
UZB3  ,Farrukh Savfiev             ,Uzbequistao        ,Grupo K,Comum,0,0,0,0,0,0,0,0,0,0,0,0,0,0,3157UZB4  ,741354544,926232883
UZB4  ,Sherzod Nasrullaev          ,Uzbequistao        ,Grupo K,Comum,0,0,0,0,0,0,0,0,0,0,0,0,0,0,3157UZB5  ,741354544,926232883
UZB5  ,Umar Eshmurodov             ,Uzbequistao        ,Grupo K,Comum,0,0,0,0,0,0,0,0,0,0,0,0,0,0,3157UZB6  ,741354544,926232883
UZB6  ,Husniddin Aliqulov          ,Uzbequistao        ,Grupo K,Comum,0,0,0,0,0,0,0,0,0,0,0,0,0,0,3157UZB7  ,741354544,926232883
UZB7  ,Rustamjon Ashurmatov        ,Uzbequistao        ,Grupo K,Comum,0,0,0,0,0,0,0,0,0,0,0,0,0,0,3157UZB8  ,741354544,926232883
UZB8  ,Khojiakbar Alijonov         ,Uzbequistao        ,Grupo K,Comum,0,0,0,0,0,0,0,0,0,0,0,0,0,0,3157UZB9  ,741354544,926232883
UZB9  ,Abdukodir Khusanov          ,Uzbequistao        ,Grupo K,Comum,0,0,0,0,0,0,0,0,0,0,0,0,0,0,3157UZB10 ,741354544,926232883
UZB10 ,Odiljon Hamrobekov          ,Uzbequistao        ,Grupo K,Comum,0,0,0,0,0,0,0,0,0,0,0,0,0,0,3157UZB11 ,741354544,926232883
UZB11 ,Otabek Shukurov             ,Uzbequistao        ,Grupo K,Comum,0,0,0,0,0,0,0,0,0,0,0,0,0,0,3157UZB12 ,741354544,926232883
UZB12 ,Jamshid Iskanderov          ,Uzbequistao        ,Grupo K,Comum,0,0,0,0,0,0,0,0,0,0,0,0,0,0,3157UZB13 ,741354544,926232883
UZB13 ,Foto da Equipe              ,Uzbequistao        ,Grupo K,Comum,0,0,0,0,0,0,0,0,0,0,0,0,0,0,3157UZB14 ,741354544,926232883
UZB14 ,Azizbek Turgunboev          ,Uzbequistao        ,Grupo K,Comum,0,0,0,0,0,0,0,0,0,0,0,0,0,0,3157UZB15 ,741354544,926232883
UZB15 ,Khojimat Erkinov            ,Uzbequistao        ,Grupo K,Comum,0,0,0,0,0,0,0,0,0,0,0,0,0,0,3157UZB16 ,741354544,926232883
UZB16 ,Eldor Shomurodov            ,Uzbequistao        ,Grupo K,Comum,0,0,0,0,0,0,0,0,0,0,0,0,0,0,3157UZB17 ,741354544,926232883
UZB17 ,Oston Urunov                ,Uzbequistao        ,Grupo K,Comum,0,0,0,0,0,0,0,0,0,0,0,0,0,0,3157UZB18 ,741354544,926232883
UZB18 ,Jaloliddin Masharipov       ,Uzbequistao        ,Grupo K,Comum,0,0,0,0,0,0,0,0,0,0,0,0,0,0,3157UZB19 ,741354544,926232883
UZB19 ,Igor Sergeev                ,Uzbequistao        ,Grupo K,Comum,0,0,0,0,0,0,0,0,0,0,0,0,0,0,3157UZB20 ,741354544,926232883
UZB20 ,Abbosbek Fayzullaev         ,Uzbequistao        ,Grupo K,Comum,0,0,0,0,0,0,0,0,0,0,0,0,0,0,3157COL1  ,741354544,926232883
COL1  ,Escudo                      ,Colombia           ,Grupo K,Especial,0,0,0,0,0,0,0,0,0,0,0,0,12332COL2  ,824979500,842216242
COL2  ,Camilo Vargas               ,Colombia           ,Grupo K,Comum,0,0,0,0,0,0,0,0,0,0,0,0,0,0,3157COL3  ,741354544,926232883
COL3  ,David Ospina                ,Colombia           ,Grupo K,Comum,0,0,0,0,0,0,0,0,0,0,0,0,0,0,3157COL4  ,741354544,926232883
COL4  ,Davinson Sanchez            ,Colombia           ,Grupo K,Comum,0,0,0,0,0,0,0,0,0,0,0,0,0,0,3157COL5  ,741354544,926232883
COL5  ,Yerry Mina                  ,Colombia           ,Grupo K,Comum,0,0,0,0,0,0,0,0,0,0,0,0,0,0,3157COL6  ,741354544,926232883
COL6  ,Daniel Munoz                ,Colombia           ,Grupo K,Comum,0,0,0,0,0,0,0,0,0,0,0,0,0,0,3157COL7  ,741354544,926232883
COL7  ,Johan Mojica                ,Colombia           ,Grupo K,Comum,0,0,0,0,0,0,0,0,0,0,0,0,0,0,3157COL8  ,741354544,926232883
COL8  ,Jhon Lucumi                 ,Colombia           ,Grupo K,Comum,0,0,0,0,0,0,0,0,0,0,0,0,0,0,3157COL9  ,741354544,926232883
COL9  ,Santiago Arias              ,Colombia           ,Grupo K,Comum,0,0,0,0,0,0,0,0,0,0,0,0,0,0,3157COL10 ,741354544,926232883
COL10 ,Jefferson Lerma             ,Colombia           ,Grupo K,Comum,0,0,0,0,0,0,0,0,0,0,0,0,0,0,3157COL11 ,741354544,926232883
COL11 ,Kevin Castano               ,Colombia           ,Grupo K,Comum,0,0,0,0,0,0,0,0,0,0,0,0,0,0,3157COL12 ,741354544,926232883
COL12 ,Richard Rios                ,Colombia           ,Grupo K,Comum,0,0,0,0,0,0,0,0,0,0,0,0,0,0,3157COL13 ,741354544,926232883
COL13 ,Foto da Equipe              ,Colombia           ,Grupo K,Comum,0,0,0,0,0,0,0,0,0,0,0,0,0,0,3157COL14 ,741354544,926232883
COL14 ,James Rodriguez             ,Colombia           ,Grupo K,Comum,0,0,0,0,0,0,0,0,0,0,0,0,0,0,3157COL15 ,741354544,926232883
COL15 ,Juan Fernando Quintero      ,Colombia           ,Grupo K,Comum,0,0,0,0,0,0,0,0,0,0,0,0,0,0,3157COL16 ,741354544,926232883
COL16 ,Jorge Carrascal             ,Colombia           ,Grupo K,Comum,0,0,0,0,0,0,0,0,0,0,0,0,0,0,3157COL17 ,741354544,926232883
COL17 ,Jon Arias                   ,Colombia           ,Grupo K,Comum,0,0,0,0,0,0,0,0,0,0,0,0,0,0,3157COL18 ,741354544,926232883
COL18 ,Jhon Cordova                ,Colombia           ,Grupo K,Comum,0,0,0,0,0,0,0,0,0,0,0,0,0,0,3157COL19 ,741354544,926232883
COL19 ,Luis Suarez                 ,Colombia           ,Grupo K,Comum,0,0,0,0,0,0,0,0,0,0,0,0,0,0,3157COL20 ,741354544,926232883
COL20 ,Luis Diaz                   ,Colombia           ,Grupo K,Comum,0,0,0,0,0,0,0,0,0,0,0,0,0,0,3157ENG1  ,741354544,926232883
ENG1  ,Escudo                      ,Inglaterra         ,Grupo L,Especial,0,0,0,0,0,0,0,0,0,0,0,0,12332ENG2  ,824979500,842216242
ENG2  ,Jordan Pickford             ,Inglaterra         ,Grupo L,Comum,0,0,0,0,0,0,0,0,0,0,0,0,0,0,3157ENG3  ,741354544,926232883
ENG3  ,John Stones                 ,Inglaterra         ,Grupo L,Comum,0,0,0,0,0,0,0,0,0,0,0,0,0,0,3157ENG4  ,741354544,926232883
ENG4  ,Maric Guehi                 ,Inglaterra         ,Grupo L,Comum,0,0,0,0,0,0,0,0,0,0,0,0,0,0,3157ENG5  ,741354544,926232883
ENG5  ,Ezri Konsa                  ,Inglaterra         ,Grupo L,Comum,0,0,0,0,0,0,0,0,0,0,0,0,0,0,3157ENG6  ,741354544,926232883
ENG6  ,Trent Alexander-Arnold      ,Inglaterra         ,Grupo L,Comum,0,0,0,0,0,0,0,0,0,0,0,0,0,0,3157ENG7  ,741354544,926232883
ENG7  ,Reece James                 ,Inglaterra         ,Grupo L,Comum,0,0,0,0,0,0,0,0,0,0,0,0,0,0,3157ENG8  ,741354544,926232883
ENG8  ,Dan Burn                    ,Inglaterra         ,Grupo L,Comum,0,0,0,0,0,0,0,0,0,0,0,0,0,0,3157ENG9  ,741354544,926232883
ENG9  ,Jordan Henderson            ,Inglaterra         ,Grupo L,Comum,0,0,0,0,0,0,0,0,0,0,0,0,0,0,3157ENG10 ,741354544,926232883
ENG10 ,Declan Rice                 ,Inglaterra         ,Grupo L,Comum,0,0,0,0,0,0,0,0,0,0,0,0,0,0,3157ENG11 ,741354544,926232883
ENG11 ,Jude Bellingham             ,Inglaterra         ,Grupo L,Comum,0,0,0,0,0,0,0,0,0,0,0,0,0,0,3157ENG12 ,741354544,926232883
ENG12 ,Cole Palmer                 ,Inglaterra         ,Grupo L,Comum,0,0,0,0,0,0,0,0,0,0,0,0,0,0,3157ENG13 ,741354544,926232883
ENG13 ,Foto da Equipe              ,Inglaterra         ,Grupo L,Comum,0,0,0,0,0,0,0,0,0,0,0,0,0,0,3157ENG14 ,741354544,926232883
ENG14 ,Morgan Rogers               ,Inglaterra         ,Grupo L,Comum,0,0,0,0,0,0,0,0,0,0,0,0,0,0,3157ENG15 ,741354544,926232883
ENG15 ,Anthony Gordon              ,Inglaterra         ,Grupo L,Comum,0,0,0,0,0,0,0,0,0,0,0,0,0,0,3157ENG16 ,741354544,926232883
ENG16 ,Phil Foden                  ,Inglaterra         ,Grupo L,Comum,0,0,0,0,0,0,0,0,0,0,0,0,0,0,3157ENG17 ,741354544,926232883
ENG17 ,Bukayo Saka                 ,Inglaterra         ,Grupo L,Comum,0,0,0,0,0,0,0,0,0,0,0,0,0,0,3157ENG18 ,741354544,926232883
ENG18 ,Harry Kane                  ,Inglaterra         ,Grupo L,Comum,0,0,0,0,0,0,0,0,0,0,0,0,0,0,3157ENG19 ,741354544,926232883
ENG19 ,Marcus Rashford             ,Inglaterra         ,Grupo L,Comum,0,0,0,0,0,0,0,0,0,0,0,0,0,0,3157ENG20 ,741354544,926232883
ENG20 ,Ollie Watkins               ,Inglaterra         ,Grupo L,Comum,0,0,0,0,0,0,0,0,0,0,0,0,0,0,3157CRO1  ,741354544,926232883
CRO1  ,Escudo                      ,Croacia            ,Grupo L,Especial,0,0,0,0,0,0,0,0,0,0,0,0,12332CRO2  ,824979500,842216242
CRO2  ,Dominik Livakovic           ,Croacia            ,Grupo L,Comum,0,0,0,0,0,0,0,0,0,0,0,0,0,0,3157CRO3  ,741354544,926232883
CRO3  ,Duje Caleta-Car             ,Croacia            ,Grupo L,Comum,0,0,0,0,0,0,0,0,0,0,0,0,0,0,3157CRO4  ,741354544,926232883
CRO4  ,Josko Gvardiol              ,Croacia            ,Grupo L,Comum,0,0,0,0,0,0,0,0,0,0,0,0,0,0,3157CRO5  ,741354544,926232883
CRO5  ,Josip Stanisic              ,Croacia            ,Grupo L,Comum,0,0,0,0,0,0,0,0,0,0,0,0,0,0,3157CRO6  ,741354544,926232883
CRO6  ,Luka Vuskovic               ,Croacia            ,Grupo L,Comum,0,0,0,0,0,0,0,0,0,0,0,0,0,0,3157CRO7  ,741354544,926232883
CRO7  ,Josip Sutalo                ,Croacia            ,Grupo L,Comum,0,0,0,0,0,0,0,0,0,0,0,0,0,0,3157CRO8  ,741354544,926232883
CRO8  ,Kristijan Jakic             ,Croacia            ,Grupo L,Comum,0,0,0,0,0,0,0,0,0,0,0,0,0,0,3157CRO9  ,741354544,926232883
CRO9  ,Luka Modric                 ,Croacia            ,Grupo L,Comum,0,0,0,0,0,0,0,0,0,0,0,0,0,0,3157CRO10 ,741354544,926232883
CRO10 ,Mateo Kovacic               ,Croacia            ,Grupo L,Comum,0,0,0,0,0,0,0,0,0,0,0,0,0,0,3157CRO11 ,741354544,926232883
CRO11 ,Martin Baturina             ,Croacia            ,Grupo L,Comum,0,0,0,0,0,0,0,0,0,0,0,0,0,0,3157CRO12 ,741354544,926232883
CRO12 ,Lovro Majer                 ,Croacia            ,Grupo L,Comum,0,0,0,0,0,0,0,0,0,0,0,0,0,0,3157CRO13 ,741354544,926232883
CRO13 ,Foto da Equipe              ,Croacia            ,Grupo L,Comum,0,0,0,0,0,0,0,0,0,0,0,0,0,0,3157CRO14 ,741354544,926232883
CRO14 ,Mario Pasalic               ,Croacia            ,Grupo L,Comum,0,0,0,0,0,0,0,0,0,0,0,0,0,0,3157CRO15 ,741354544,926232883
CRO15 ,Petar Sucic                 ,Croacia            ,Grupo L,Comum,0,0,0,0,0,0,0,0,0,0,0,0,0,0,3157CRO16 ,741354544,926232883
CRO16 ,Ivan Perisic                ,Croacia            ,Grupo L,Comum,0,0,0,0,0,0,0,0,0,0,0,0,0,0,3157CRO17 ,741354544,926232883
CRO17 ,Marco Pasalic               ,Croacia            ,Grupo L,Comum,0,0,0,0,0,0,0,0,0,0,0,0,0,0,3157CRO18 ,741354544,926232883
CRO18 ,Ante Budimir                ,Croacia            ,Grupo L,Comum,0,0,0,0,0,0,0,0,0,0,0,0,0,0,3157CRO19 ,741354544,926232883
CRO19 ,Andrej Kramaric             ,Croacia            ,Grupo L,Comum,0,0,0,0,0,0,0,0,0,0,0,0,0,0,3157CRO20 ,741354544,926232883
CRO20 ,Franjo Ivanovic             ,Croacia            ,Grupo L,Comum,0,0,0,0,0,0,0,0,0,0,0,0,0,0,3157GHA1  ,741354544,926232883
GHA1  ,Escudo                      ,Gana               ,Grupo L,Especial,0,0,0,0,0,0,0,0,0,0,0,0,12332GHA2  ,824979500,842216242
GHA2  ,Lawrence Ati Zigi           ,Gana               ,Grupo L,Comum,0,0,0,0,0,0,0,0,0,0,0,0,0,0,3157GHA3  ,741354544,926232883
GHA3  ,Tariq Lamptey               ,Gana               ,Grupo L,Comum,0,0,0,0,0,0,0,0,0,0,0,0,0,0,3157GHA4  ,741354544,926232883
GHA4  ,Mohammed Salisu             ,Gana               ,Grupo L,Comum,0,0,0,0,0,0,0,0,0,0,0,0,0,0,3157GHA5  ,741354544,926232883
GHA5  ,Alidu Seidu                 ,Gana               ,Grupo L,Comum,0,0,0,0,0,0,0,0,0,0,0,0,0,0,3157GHA6  ,741354544,926232883
GHA6  ,Alexander Djiku             ,Gana               ,Grupo L,Comum,0,0,0,0,0,0,0,0,0,0,0,0,0,0,3157GHA7  ,741354544,926232883
GHA7  ,Gideon Mensah               ,Gana               ,Grupo L,Comum,0,0,0,0,0,0,0,0,0,0,0,0,0,0,3157GHA8  ,741354544,926232883
GHA8  ,Caleb Yirenkyi              ,Gana               ,Grupo L,Comum,0,0,0,0,0,0,0,0,0,0,0,0,0,0,3157GHA9  ,741354544,926232883
GHA9  ,Abdul Issahaku Fatawu       ,Gana               ,Grupo L,Comum,0,0,0,0,0,0,0,0,0,0,0,0,0,0,3157GHA10 ,741354544,926232883
GHA10 ,Thomas Partey               ,Gana               ,Grupo L,Comum,0,0,0,0,0,0,0,0,0,0,0,0,0,0,3157GHA11 ,741354544,926232883
GHA11 ,Salis Abdul Samed           ,Gana               ,Grupo L,Comum,0,0,0,0,0,0,0,0,0,0,0,0,0,0,3157GHA12 ,741354544,926232883
GHA12 ,Kamaldeen Sulemana          ,Gana               ,Grupo L,Comum,0,0,0,0,0,0,0,0,0,0,0,0,0,0,3157GHA13 ,741354544,926232883
GHA13 ,Foto da Equipe              ,Gana               ,Grupo L,Comum,0,0,0,0,0,0,0,0,0,0,0,0,0,0,3157GHA14 ,741354544,926232883
GHA14 ,Mohammed Kudus              ,Gana               ,Grupo L,Comum,0,0,0,0,0,0,0,0,0,0,0,0,0,0,3157GHA15 ,741354544,926232883
GHA15 ,Inaki Williams              ,Gana               ,Grupo L,Comum,0,0,0,0,0,0,0,0,0,0,0,0,0,0,3157GHA16 ,741354544,926232883
GHA16 ,Jordan Ayew                 ,Gana               ,Grupo L,Comum,0,0,0,0,0,0,0,0,0,0,0,0,0,0,3157GHA17 ,741354544,926232883
GHA17 ,Andrew Ayew                 ,Gana               ,Grupo L,Comum,0,0,0,0,0,0,0,0,0,0,0,0,0,0,3157GHA18 ,741354544,926232883
GHA18 ,Joseph Paintsil             ,Gana               ,Grupo L,Comum,0,0,0,0,0,0,0,0,0,0,0,0,0,0,3157GHA19 ,741354544,926232883
GHA19 ,Osman Bukari                ,Gana               ,Grupo L,Comum,0,0,0,0,0,0,0,0,0,0,0,0,0,0,3157GHA20 ,741354544,926232883
GHA20 ,Antoine Semenyo             ,Gana               ,Grupo L,Comum,0,0,0,0,0,0,0,0,0,0,0,0,0,0,3157PAN1  ,741354544,926232883
PAN1  ,Escudo                      ,Panama             ,Grupo L,Especial,0,0,0,0,0,0,0,0,0,0,0,0,12332PAN2  ,824979500,842216242
PAN2  ,Orlando Mosquera            ,Panama             ,Grupo L,Comum,0,0,0,0,0,0,0,0,0,0,0,0,0,0,3157PAN3  ,741354544,926232883
PAN3  ,Luis Mejia                  ,Panama             ,Grupo L,Comum,0,0,0,0,0,0,0,0,0,0,0,0,0,0,3157PAN4  ,741354544,926232883
PAN4  ,Fidel Escobar               ,Panama             ,Grupo L,Comum,0,0,0,0,0,0,0,0,0,0,0,0,0,0,3157PAN5  ,741354544,926232883
PAN5  ,Andres Andrade              ,Panama             ,Grupo L,Comum,0,0,0,0,0,0,0,0,0,0,0,0,0,0,3157PAN6  ,741354544,926232883
PAN6  ,Michael Amir Murillo        ,Panama             ,Grupo L,Comum,0,0,0,0,0,0,0,0,0,0,0,0,0,0,3157PAN7  ,741354544,926232883
PAN7  ,Eric Davis                  ,Panama             ,Grupo L,Comum,0,0,0,0,0,0,0,0,0,0,0,0,0,0,3157PAN8  ,741354544,926232883
PAN8  ,Jose Cordoba                ,Panama             ,Grupo L,Comum,0,0,0,0,0,0,0,0,0,0,0,0,0,0,3157PAN9  ,741354544,926232883
PAN9  ,Cesar Blackman              ,Panama             ,Grupo L,Comum,0,0,0,0,0,0,0,0,0,0,0,0,0,0,3157PAN10 ,741354544,926232883
PAN10 ,Cristian Martinez           ,Panama             ,Grupo L,Comum,0,0,0,0,0,0,0,0,0,0,0,0,0,0,3157PAN11 ,741354544,926232883
PAN11 ,Anibal Godoy                ,Panama             ,Grupo L,Comum,0,0,0,0,0,0,0,0,0,0,0,0,0,0,3157PAN12 ,741354544,926232883
PAN12 ,Adalberto Carrasquilla      ,Panama             ,Grupo L,Comum,0,0,0,0,0,0,0,0,0,0,0,0,0,0,3157PAN13 ,741354544,926232883
PAN13 ,Foto da Equipe              ,Panama             ,Grupo L,Comum,0,0,0,0,0,0,0,0,0,0,0,0,0,0,3157PAN14 ,741354544,926232883
PAN14 ,Edgar Barcenas              ,Panama             ,Grupo L,Comum,0,0,0,0,0,0,0,0,0,0,0,0,0,0,3157PAN15 ,741354544,926232883
PAN15 ,Carlos Harvey               ,Panama             ,Grupo L,Comum,0,0,0,0,0,0,0,0,0,0,0,0,0,0,3157PAN16 ,741354544,926232883
PAN16 ,Ismael Diaz                 ,Panama             ,Grupo L,Comum,0,0,0,0,0,0,0,0,0,0,0,0,0,0,3157PAN17 ,741354544,926232883
PAN17 ,Jose Fajardo                ,Panama             ,Grupo L,Comum,0,0,0,0,0,0,0,0,0,0,0,0,0,0,3157PAN18 ,741354544,926232883
PAN18 ,Cecilio Waterman            ,Panama             ,Grupo L,Comum,0,0,0,0,0,0,0,0,0,0,0,0,0,0,3157PAN19 ,741354544,926232883
PAN19 ,Jose Luiz Rodriguez         ,Panama             ,Grupo L,Comum,0,0,0,0,0,0,0,0,0,0,0,0,0,0,3157PAN20 ,741354544,926232883
PAN20 ,Alberto Quintero            ,Panama             ,Grupo L,Comum,0,0,0,0,0,0,0,0,0,0,0,0,0,0,31570,0,0,0,0,0,3157BRA1  ,741354544,926232883
